verbatimIdentification,cleanedTaxonomy,ambiguous,selected_match,kingdom,phylum,class,order,family,genus,scientificName,scientificNameID,taxonRank,match_type_debug,nameAccordingTo
Bacteria,Bacteria,False,True,Bacteria,,,,,,Bacteria,urn:lsid:marinespecies.org:taxname:6,Kingdom,Success_Batch_Bacteria,WoRMS
Eukaryota;Chordata;Actinopteri,Eukaryota;Chordata;Actinopteri,False,True,Animalia,Chordata,,,,,Actinopteri,urn:lsid:marinespecies.org:taxname:843664,Superclass,Success_Batch_Actinopteri,WoRMS
Eukaryota;Chordata;Actinopteri,Eukaryota;Chordata;Actinopteri,False,False,Animalia,Chordata,,,,,Actinopteri,urn:lsid:marinespecies.org:taxname:843664,Superclass,Success_Batch_Actinopteri,WoRMS
Eukaryota;Chordata;Actinopteri;Acanthuriformes;Antigoniidae;Antigonia;Antigonia capros,Eukaryota;Chordata;Actinopteri;Acanthuriformes;Antigoniidae;Antigonia;Antigonia capros,False,True,Animalia,Chordata,Teleostei,Acanthuriformes,Antigoniidae,Antigonia,Antigonia capros,urn:lsid:marinespecies.org:taxname:127418,Species,Success_Batch_Antigonia capros,WoRMS
Eukaryota;Chordata;Actinopteri;Acanthuriformes;Antigoniidae;Antigonia;Antigonia capros,Eukaryota;Chordata;Actinopteri;Acanthuriformes;Antigoniidae;Antigonia;Antigonia capros,False,False,Animalia,Chordata,Teleostei,Acanthuriformes,Antigoniidae,Antigonia,Antigonia capros,urn:lsid:marinespecies.org:taxname:127418,Species,Success_Batch_Antigonia capros,WoRMS
Eukaryota;Chordata;Actinopteri;Acropomatiformes;Acropomatidae,Eukaryota;Chordata;Actinopteri;Acropomatiformes;Acropomatidae,False,True,Animalia,Chordata,Teleostei,Acropomatiformes,Acropomatidae,,Acropomatidae,urn:lsid:marinespecies.org:taxname:151434,Family,Success_Batch_Acropomatidae,WoRMS
Eukaryota;Chordata;Actinopteri;Acropomatiformes;Acropomatidae;Synagrops;Synagrops bellus,Eukaryota;Chordata;Actinopteri;Acropomatiformes;Acropomatidae;Synagrops;Synagrops bellus,False,True,Animalia,Chordata,Teleostei,Acropomatiformes,Acropomatidae,Synagrops,Synagrops bellus,urn:lsid:marinespecies.org:taxname:159584,Species,Success_Batch_Synagrops bellus,WoRMS
Eukaryota;Chordata;Actinopteri;Acropomatiformes;Acropomatidae;Synagrops;Synagrops spinosus,Eukaryota;Chordata;Actinopteri;Acropomatiformes;Acropomatidae;Synagrops;Synagrops spinosus,False,True,Animalia,Chordata,Teleostei,Acropomatiformes,Acropomatidae,Synagrops,Synagrops,urn:lsid:marinespecies.org:taxname:159583,Genus,Success_Batch_Synagrops,WoRMS
Eukaryota;Chordata;Actinopteri;Acropomatiformes;Acropomatidae;Synagrops;Synagrops spinosus,Eukaryota;Chordata;Actinopteri;Acropomatiformes;Acropomatidae;Synagrops;Synagrops spinosus,False,False,Animalia,Chordata,Teleostei,Acropomatiformes,Acropomatidae,Synagrops,Synagrops,urn:lsid:marinespecies.org:taxname:159583,Genus,Success_Batch_Synagrops,WoRMS
Eukaryota;Chordata;Actinopteri;Acropomatiformes;Acropomatidae;Verilus,Eukaryota;Chordata;Actinopteri;Acropomatiformes;Acropomatidae;Verilus,False,True,Animalia,Chordata,Teleostei,Acropomatiformes,Acropomatidae,Verilus,Verilus,urn:lsid:marinespecies.org:taxname:271211,Genus,Success_Batch_Verilus,WoRMS
Eukaryota;Chordata;Actinopteri;Acropomatiformes;Acropomatidae;Verilus,Eukaryota;Chordata;Actinopteri;Acropomatiformes;Acropomatidae;Verilus,False,False,Animalia,Chordata,Teleostei,Acropomatiformes,Acropomatidae,Verilus,Verilus,urn:lsid:marinespecies.org:taxname:271211,Genus,Success_Batch_Verilus,WoRMS
Eukaryota;Chordata;Actinopteri;Anguilliformes,Eukaryota;Chordata;Actinopteri;Anguilliformes,False,True,Animalia,Chordata,Teleostei,Anguilliformes,,,Anguilliformes,urn:lsid:marinespecies.org:taxname:10295,Order,Success_Batch_Anguilliformes,WoRMS
Eukaryota;Chordata;Actinopteri;Anguilliformes;Chlopsidae;Chilorhinus;Chilorhinus suensonii,Eukaryota;Chordata;Actinopteri;Anguilliformes;Chlopsidae;Chilorhinus;Chilorhinus suensonii,False,True,Animalia,Chordata,Teleostei,Anguilliformes,Chlopsidae,Chilorhinus,Chilorhinus suensonii,urn:lsid:marinespecies.org:taxname:280152,Species,Success_Batch_Chilorhinus suensonii,WoRMS
Eukaryota;Chordata;Actinopteri;Anguilliformes;Congridae;Ariosoma;Ariosoma balearicum,Eukaryota;Chordata;Actinopteri;Anguilliformes;Congridae;Ariosoma;Ariosoma balearicum,False,True,Animalia,Chordata,Teleostei,Anguilliformes,Congridae,Ariosoma,Ariosoma balearicum,urn:lsid:marinespecies.org:taxname:126283,Species,Success_Batch_Ariosoma balearicum,WoRMS
Eukaryota;Chordata;Actinopteri;Anguilliformes;Congridae;Paraconger;Paraconger caudilimbatus,Eukaryota;Chordata;Actinopteri;Anguilliformes;Congridae;Paraconger;Paraconger caudilimbatus,False,True,Animalia,Chordata,Teleostei,Anguilliformes,Congridae,Paraconger,Paraconger caudilimbatus,urn:lsid:marinespecies.org:taxname:158569,Species,Success_Batch_Paraconger caudilimbatus,WoRMS
Eukaryota;Chordata;Actinopteri;Anguilliformes;Congridae;Paraconger;Paraconger caudilimbatus,Eukaryota;Chordata;Actinopteri;Anguilliformes;Congridae;Paraconger;Paraconger caudilimbatus,False,False,Animalia,Chordata,Teleostei,Anguilliformes,Congridae,Paraconger,Paraconger caudilimbatus,urn:lsid:marinespecies.org:taxname:158569,Species,Success_Batch_Paraconger caudilimbatus,WoRMS
Eukaryota;Chordata;Actinopteri;Anguilliformes;Congridae;Rhynchoconger;Rhynchoconger flavus,Eukaryota;Chordata;Actinopteri;Anguilliformes;Congridae;Rhynchoconger;Rhynchoconger flavus,False,True,Animalia,Chordata,Teleostei,Anguilliformes,Congridae,Rhynchoconger,Rhynchoconger flavus,urn:lsid:marinespecies.org:taxname:158571,Species,Success_Batch_Rhynchoconger flavus,WoRMS
Eukaryota;Chordata;Actinopteri;Anguilliformes;Congridae;Rhynchoconger;Rhynchoconger flavus,Eukaryota;Chordata;Actinopteri;Anguilliformes;Congridae;Rhynchoconger;Rhynchoconger flavus,False,False,Animalia,Chordata,Teleostei,Anguilliformes,Congridae,Rhynchoconger,Rhynchoconger flavus,urn:lsid:marinespecies.org:taxname:158571,Species,Success_Batch_Rhynchoconger flavus,WoRMS
Eukaryota;Chordata;Actinopteri;Anguilliformes;Congridae;Uroconger;Uroconger syringinus,Eukaryota;Chordata;Actinopteri;Anguilliformes;Congridae;Uroconger;Uroconger syringinus,False,True,Animalia,Chordata,Teleostei,Anguilliformes,Congridae,Uroconger,Uroconger syringinus,urn:lsid:marinespecies.org:taxname:158574,Species,Success_Batch_Uroconger syringinus,WoRMS
Eukaryota;Chordata;Actinopteri;Anguilliformes;Congridae;Xenomystax,Eukaryota;Chordata;Actinopteri;Anguilliformes;Congridae;Xenomystax,False,True,Animalia,Chordata,Teleostei,Anguilliformes,Congridae,Xenomystax,Xenomystax,urn:lsid:marinespecies.org:taxname:271244,Genus,Success_Batch_Xenomystax,WoRMS
Eukaryota;Chordata;Actinopteri;Anguilliformes;Nettastomatidae;Hoplunnis,Eukaryota;Chordata;Actinopteri;Anguilliformes;Nettastomatidae;Hoplunnis,False,True,Animalia,Chordata,Teleostei,Anguilliformes,Nettastomatidae,Hoplunnis,Hoplunnis,urn:lsid:marinespecies.org:taxname:158589,Genus,Success_Batch_Hoplunnis,WoRMS
Eukaryota;Chordata;Actinopteri;Anguilliformes;Nettastomatidae;Hoplunnis;Hoplunnis tenuis,Eukaryota;Chordata;Actinopteri;Anguilliformes;Nettastomatidae;Hoplunnis;Hoplunnis tenuis,False,True,Animalia,Chordata,Teleostei,Anguilliformes,Nettastomatidae,Hoplunnis,Hoplunnis tenuis,urn:lsid:marinespecies.org:taxname:158591,Species,Success_Batch_Hoplunnis tenuis,WoRMS
Eukaryota;Chordata;Actinopteri;Anguilliformes;Nettastomatidae;Hoplunnis;Hoplunnis tenuis,Eukaryota;Chordata;Actinopteri;Anguilliformes;Nettastomatidae;Hoplunnis;Hoplunnis tenuis,False,False,Animalia,Chordata,Teleostei,Anguilliformes,Nettastomatidae,Hoplunnis,Hoplunnis tenuis,urn:lsid:marinespecies.org:taxname:158591,Species,Success_Batch_Hoplunnis tenuis,WoRMS
Eukaryota;Chordata;Actinopteri;Anguilliformes;Nettastomatidae;Venefica,Eukaryota;Chordata;Actinopteri;Anguilliformes;Nettastomatidae;Venefica,False,True,Animalia,Chordata,Teleostei,Anguilliformes,Nettastomatidae,Venefica,Venefica,urn:lsid:marinespecies.org:taxname:125643,Genus,Success_Batch_Venefica,WoRMS
Eukaryota;Chordata;Actinopteri;Anguilliformes;Ophichthidae,Eukaryota;Chordata;Actinopteri;Anguilliformes;Ophichthidae,False,True,Animalia,Chordata,Teleostei,Anguilliformes,Ophichthidae,,Ophichthidae,urn:lsid:marinespecies.org:taxname:125434,Family,Success_Batch_Ophichthidae,WoRMS
Eukaryota;Chordata;Actinopteri;Anguilliformes;Ophichthidae,Eukaryota;Chordata;Actinopteri;Anguilliformes;Ophichthidae,False,False,Animalia,Chordata,Teleostei,Anguilliformes,Ophichthidae,,Ophichthidae,urn:lsid:marinespecies.org:taxname:125434,Family,Success_Batch_Ophichthidae,WoRMS
Eukaryota;Chordata;Actinopteri;Anguilliformes;Synaphobranchidae;Dysomma;Dysomma anguillare,Eukaryota;Chordata;Actinopteri;Anguilliformes;Synaphobranchidae;Dysomma;Dysomma anguillare,False,True,Animalia,Chordata,Teleostei,Anguilliformes,Synaphobranchidae,Dysomma,Dysomma anguillare,urn:lsid:marinespecies.org:taxname:221386,Species,Success_Batch_Dysomma anguillare,WoRMS
Eukaryota;Chordata;Actinopteri;Argentiniformes;Argentinidae;Argentina;Argentina sialis,Eukaryota;Chordata;Actinopteri;Argentiniformes;Argentinidae;Argentina;Argentina sialis,False,True,Animalia,Chordata,Teleostei,Argentiniformes,Argentinidae,Argentina,Argentina sialis,urn:lsid:marinespecies.org:taxname:272897,Species,Success_Batch_Argentina sialis,WoRMS
Eukaryota;Chordata;Actinopteri;Argentiniformes;Argentinidae;Argentina;Argentina striata,Eukaryota;Chordata;Actinopteri;Argentiniformes;Argentinidae;Argentina;Argentina striata,False,True,Animalia,Chordata,Teleostei,Argentiniformes,Argentinidae,Argentina,Argentina striata,urn:lsid:marinespecies.org:taxname:158718,Species,Success_Batch_Argentina striata,WoRMS
Eukaryota;Chordata;Actinopteri;Argentiniformes;Argentinidae;Argentina;Argentina striata,Eukaryota;Chordata;Actinopteri;Argentiniformes;Argentinidae;Argentina;Argentina striata,False,False,Animalia,Chordata,Teleostei,Argentiniformes,Argentinidae,Argentina,Argentina striata,urn:lsid:marinespecies.org:taxname:158718,Species,Success_Batch_Argentina striata,WoRMS
Eukaryota;Chordata;Actinopteri;Argentiniformes;Bathylagidae,Eukaryota;Chordata;Actinopteri;Argentiniformes;Bathylagidae,False,True,Animalia,Chordata,Teleostei,Argentiniformes,Bathylagidae,,Bathylagidae,urn:lsid:marinespecies.org:taxname:125509,Family,Success_Batch_Bathylagidae,WoRMS
Eukaryota;Chordata;Actinopteri;Ateleopodiformes;Ateleopodidae;Ijimaia,Eukaryota;Chordata;Actinopteri;Ateleopodiformes;Ateleopodidae;Ijimaia,False,True,Animalia,Chordata,Teleostei,Ateleopodiformes,Ateleopodidae,Ijimaia,Ijimaia,urn:lsid:marinespecies.org:taxname:125658,Genus,Success_Batch_Ijimaia,WoRMS
Eukaryota;Chordata;Actinopteri;Aulopiformes;Chlorophthalmidae;Chlorophthalmus,Eukaryota;Chordata;Actinopteri;Aulopiformes;Chlorophthalmidae;Chlorophthalmus,False,True,Animalia,Chordata,Teleostei,Aulopiformes,Chlorophthalmidae,Chlorophthalmus,Chlorophthalmus,urn:lsid:marinespecies.org:taxname:125664,Genus,Success_Batch_Chlorophthalmus,WoRMS
Eukaryota;Chordata;Actinopteri;Aulopiformes;Chlorophthalmidae;Chlorophthalmus;Chlorophthalmus agassizi,Eukaryota;Chordata;Actinopteri;Aulopiformes;Chlorophthalmidae;Chlorophthalmus;Chlorophthalmus agassizi,False,True,Animalia,Chordata,Teleostei,Aulopiformes,Chlorophthalmidae,Chlorophthalmus,Chlorophthalmus agassizi,urn:lsid:marinespecies.org:taxname:126336,Species,Success_Batch_Chlorophthalmus agassizi,WoRMS
Eukaryota;Chordata;Actinopteri;Aulopiformes;Chlorophthalmidae;Chlorophthalmus;Chlorophthalmus agassizi,Eukaryota;Chordata;Actinopteri;Aulopiformes;Chlorophthalmidae;Chlorophthalmus;Chlorophthalmus agassizi,False,False,Animalia,Chordata,Teleostei,Aulopiformes,Chlorophthalmidae,Chlorophthalmus,Chlorophthalmus agassizi,urn:lsid:marinespecies.org:taxname:126336,Species,Success_Batch_Chlorophthalmus agassizi,WoRMS
Eukaryota;Chordata;Actinopteri;Aulopiformes;Paralepididae,Eukaryota;Chordata;Actinopteri;Aulopiformes;Paralepididae,False,True,Animalia,Chordata,Teleostei,Aulopiformes,Paralepididae,,Paralepididae,urn:lsid:marinespecies.org:taxname:125447,Family,Success_Batch_Paralepididae,WoRMS
Eukaryota;Chordata;Actinopteri;Aulopiformes;Paralepididae,Eukaryota;Chordata;Actinopteri;Aulopiformes;Paralepididae,False,False,Animalia,Chordata,Teleostei,Aulopiformes,Paralepididae,,Paralepididae,urn:lsid:marinespecies.org:taxname:125447,Family,Success_Batch_Paralepididae,WoRMS
Eukaryota;Chordata;Actinopteri;Aulopiformes;Paralepididae;Lestidiops,Eukaryota;Chordata;Actinopteri;Aulopiformes;Paralepididae;Lestidiops,False,True,Animalia,Chordata,Teleostei,Aulopiformes,Paralepididae,Lestidiops,Lestidiops,urn:lsid:marinespecies.org:taxname:125675,Genus,Success_Batch_Lestidiops,WoRMS
Eukaryota;Chordata;Actinopteri;Aulopiformes;Paralepididae;Lestrolepis;Lestrolepis intermedia,Eukaryota;Chordata;Actinopteri;Aulopiformes;Paralepididae;Lestrolepis;Lestrolepis intermedia,False,True,Animalia,Chordata,Teleostei,Aulopiformes,Paralepididae,Lestrolepis,Lestrolepis intermedia,urn:lsid:marinespecies.org:taxname:158873,Species,Success_Batch_Lestrolepis intermedia,WoRMS
Eukaryota;Chordata;Actinopteri;Aulopiformes;Paralepididae;Stemonosudis;Stemonosudis rothschildi,Eukaryota;Chordata;Actinopteri;Aulopiformes;Paralepididae;Stemonosudis;Stemonosudis rothschildi,False,True,Animalia,Chordata,Teleostei,Aulopiformes,Paralepididae,Stemonosudis,Stemonosudis rothschildi,urn:lsid:marinespecies.org:taxname:158751,Species,Success_Batch_Stemonosudis rothschildi,WoRMS
Eukaryota;Chordata;Actinopteri;Aulopiformes;Scopelarchidae;Scopelarchus;Scopelarchus analis,Eukaryota;Chordata;Actinopteri;Aulopiformes;Scopelarchidae;Scopelarchus;Scopelarchus analis,False,True,Animalia,Chordata,Teleostei,Aulopiformes,Scopelarchidae,Scopelarchus,Scopelarchus analis,urn:lsid:marinespecies.org:taxname:126367,Species,Success_Batch_Scopelarchus analis,WoRMS
Eukaryota;Chordata;Actinopteri;Aulopiformes;Synodontidae;Saurida;Saurida brasiliensis,Eukaryota;Chordata;Actinopteri;Aulopiformes;Synodontidae;Saurida;Saurida brasiliensis,False,True,Animalia,Chordata,Teleostei,Aulopiformes,Synodontidae,Saurida,Saurida brasiliensis,urn:lsid:marinespecies.org:taxname:158756,Species,Success_Batch_Saurida brasiliensis,WoRMS
Eukaryota;Chordata;Actinopteri;Aulopiformes;Synodontidae;Saurida;Saurida normani,Eukaryota;Chordata;Actinopteri;Aulopiformes;Synodontidae;Saurida;Saurida normani,False,True,Animalia,Chordata,Teleostei,Aulopiformes,Synodontidae,Saurida,Saurida normani,urn:lsid:marinespecies.org:taxname:272117,Species,Success_Batch_Saurida normani,WoRMS
Eukaryota;Chordata;Actinopteri;Aulopiformes;Synodontidae;Saurida;Saurida normani,Eukaryota;Chordata;Actinopteri;Aulopiformes;Synodontidae;Saurida;Saurida normani,False,False,Animalia,Chordata,Teleostei,Aulopiformes,Synodontidae,Saurida,Saurida normani,urn:lsid:marinespecies.org:taxname:272117,Species,Success_Batch_Saurida normani,WoRMS
Eukaryota;Chordata;Actinopteri;Beloniformes;Exocoetidae,Eukaryota;Chordata;Actinopteri;Beloniformes;Exocoetidae,False,True,Animalia,Chordata,Teleostei,Beloniformes,Exocoetidae,,Exocoetidae,urn:lsid:marinespecies.org:taxname:125452,Family,Success_Batch_Exocoetidae,WoRMS
Eukaryota;Chordata;Actinopteri;Beloniformes;Exocoetidae;Cheilopogon,Eukaryota;Chordata;Actinopteri;Beloniformes;Exocoetidae;Cheilopogon,False,True,Animalia,Chordata,Teleostei,Beloniformes,Exocoetidae,Cheilopogon,Cheilopogon,urn:lsid:marinespecies.org:taxname:125691,Genus,Success_Batch_Cheilopogon,WoRMS
Eukaryota;Chordata;Actinopteri;Beloniformes;Exocoetidae;Cheilopogon,Eukaryota;Chordata;Actinopteri;Beloniformes;Exocoetidae;Cheilopogon,False,False,Animalia,Chordata,Teleostei,Beloniformes,Exocoetidae,Cheilopogon,Cheilopogon,urn:lsid:marinespecies.org:taxname:125691,Genus,Success_Batch_Cheilopogon,WoRMS
Eukaryota;Chordata;Actinopteri;Carangiformes;Carangidae,Eukaryota;Chordata;Actinopteri;Carangiformes;Carangidae,False,True,Animalia,Chordata,Teleostei,Carangiformes,Carangidae,,Carangidae,urn:lsid:marinespecies.org:taxname:125523,Family,Success_Batch_Carangidae,WoRMS
Eukaryota;Chordata;Actinopteri;Carangiformes;Carangidae;Caranx;Caranx crysos,Eukaryota;Chordata;Actinopteri;Carangiformes;Carangidae;Caranx;Caranx crysos,False,True,Animalia,Chordata,Teleostei,Carangiformes,Carangidae,Caranx,Caranx crysos,urn:lsid:marinespecies.org:taxname:126802,Species,Success_Batch_Caranx crysos,WoRMS
Eukaryota;Chordata;Actinopteri;Carangiformes;Carangidae;Caranx;Caranx crysos,Eukaryota;Chordata;Actinopteri;Carangiformes;Carangidae;Caranx;Caranx crysos,False,False,Animalia,Chordata,Teleostei,Carangiformes,Carangidae,Caranx,Caranx crysos,urn:lsid:marinespecies.org:taxname:126802,Species,Success_Batch_Caranx crysos,WoRMS
Eukaryota;Chordata;Actinopteri;Carangiformes;Carangidae;Selar;Selar crumenophthalmus,Eukaryota;Chordata;Actinopteri;Carangiformes;Carangidae;Selar;Selar crumenophthalmus,False,True,Animalia,Chordata,Teleostei,Carangiformes,Carangidae,Selar,Selar crumenophthalmus,urn:lsid:marinespecies.org:taxname:159646,Species,Success_Batch_Selar crumenophthalmus,WoRMS
Eukaryota;Chordata;Actinopteri;Carangiformes;Carangidae;Selene;Selene setapinnis,Eukaryota;Chordata;Actinopteri;Carangiformes;Carangidae;Selene;Selene setapinnis,False,True,Animalia,Chordata,Teleostei,Carangiformes,Carangidae,Selene,Selene setapinnis,urn:lsid:marinespecies.org:taxname:159647,Species,Success_Batch_Selene setapinnis,WoRMS
Eukaryota;Chordata;Actinopteri;Carangiformes;Carangidae;Seriola,Eukaryota;Chordata;Actinopteri;Carangiformes;Carangidae;Seriola,False,True,Animalia,Chordata,Teleostei,Carangiformes,Carangidae,Seriola,Seriola,urn:lsid:marinespecies.org:taxname:125944,Genus,Success_Batch_Seriola,WoRMS
Eukaryota;Chordata;Actinopteri;Carangiformes;Carangidae;Trachurus;Trachurus lathami ,Eukaryota;Chordata;Actinopteri;Carangiformes;Carangidae;Trachurus;Trachurus lathami,False,True,Animalia,Chordata,Teleostei,Carangiformes,Carangidae,Trachurus,Trachurus lathami,urn:lsid:marinespecies.org:taxname:159655,Species,Success_Batch_Trachurus lathami,WoRMS
Eukaryota;Chordata;Actinopteri;Carangiformes;Coryphaenidae;Coryphaena;Coryphaena hippurus,Eukaryota;Chordata;Actinopteri;Carangiformes;Coryphaenidae;Coryphaena;Coryphaena hippurus,False,True,Animalia,Chordata,Teleostei,Carangiformes,Coryphaenidae,Coryphaena,Coryphaena hippurus,urn:lsid:marinespecies.org:taxname:126846,Species,Success_Batch_Coryphaena hippurus,WoRMS
Eukaryota;Chordata;Actinopteri;Carangiformes;Echeneidae;Echeneis;Echeneis naucrates,Eukaryota;Chordata;Actinopteri;Carangiformes;Echeneidae;Echeneis;Echeneis naucrates,False,True,Animalia,Chordata,Teleostei,Carangiformes,Echeneidae,Echeneis,Echeneis naucrates,urn:lsid:marinespecies.org:taxname:126848,Species,Success_Batch_Echeneis naucrates,WoRMS
Eukaryota;Chordata;Actinopteri;Clupeiformes;Clupeidae;Alosa,Eukaryota;Chordata;Actinopteri;Clupeiformes;Clupeidae;Alosa,False,True,Animalia,Chordata,Teleostei,Clupeiformes,Alosidae,Alosa,Alosa,urn:lsid:marinespecies.org:taxname:125715,Genus,Success_Batch_Alosa,WoRMS
Eukaryota;Chordata;Actinopteri;Clupeiformes;Clupeidae;Alosa,Eukaryota;Chordata;Actinopteri;Clupeiformes;Clupeidae;Alosa,False,False,Animalia,Chordata,Teleostei,Clupeiformes,Alosidae,Alosa,Alosa,urn:lsid:marinespecies.org:taxname:125715,Genus,Success_Batch_Alosa,WoRMS
Eukaryota;Chordata;Actinopteri;Clupeiformes;Clupeidae;Alosa;Alosa alabamae,Eukaryota;Chordata;Actinopteri;Clupeiformes;Clupeidae;Alosa;Alosa alabamae,False,True,Animalia,Chordata,Teleostei,Clupeiformes,Alosidae,Alosa,Alosa alabamae,urn:lsid:marinespecies.org:taxname:272248,Species,Success_Batch_Alosa alabamae,WoRMS
Eukaryota;Chordata;Actinopteri;Clupeiformes;Clupeidae;Harengula,Eukaryota;Chordata;Actinopteri;Clupeiformes;Clupeidae;Harengula,False,True,Animalia,Chordata,Teleostei,Clupeiformes,Dorosomatidae,Harengula,Harengula,urn:lsid:marinespecies.org:taxname:204605,Genus,Success_Batch_Harengula,WoRMS
Eukaryota;Chordata;Actinopteri;Clupeiformes;Clupeidae;Harengula;Harengula jaguana,Eukaryota;Chordata;Actinopteri;Clupeiformes;Clupeidae;Harengula;Harengula jaguana,False,True,Animalia,Chordata,Teleostei,Clupeiformes,Dorosomatidae,Harengula,Harengula jaguana,urn:lsid:marinespecies.org:taxname:277551,Species,Success_Batch_Harengula jaguana,WoRMS
Eukaryota;Chordata;Actinopteri;Clupeiformes;Clupeidae;Opisthonema;Opisthonema oglinum,Eukaryota;Chordata;Actinopteri;Clupeiformes;Clupeidae;Opisthonema;Opisthonema oglinum,False,True,Animalia,Chordata,Teleostei,Clupeiformes,Dorosomatidae,Opisthonema,Opisthonema oglinum,urn:lsid:marinespecies.org:taxname:158695,Species,Success_Batch_Opisthonema oglinum,WoRMS
Eukaryota;Chordata;Actinopteri;Clupeiformes;Dussumieriidae;Etrumeus;Etrumeus teres,Eukaryota;Chordata;Actinopteri;Clupeiformes;Dussumieriidae;Etrumeus;Etrumeus teres,False,True,Animalia,Chordata,Teleostei,Clupeiformes,Dussumieriidae,Etrumeus,Etrumeus,urn:lsid:marinespecies.org:taxname:158692,Genus,Success_Batch_Etrumeus,WoRMS
Eukaryota;Chordata;Actinopteri;Clupeiformes;Dussumieriidae;Etrumeus;Etrumeus teres,Eukaryota;Chordata;Actinopteri;Clupeiformes;Dussumieriidae;Etrumeus;Etrumeus teres,False,False,Animalia,Chordata,Teleostei,Clupeiformes,Dussumieriidae,Etrumeus,Etrumeus,urn:lsid:marinespecies.org:taxname:158692,Genus,Success_Batch_Etrumeus,WoRMS
Eukaryota;Chordata;Actinopteri;Clupeiformes;Engraulidae;Engraulis,Eukaryota;Chordata;Actinopteri;Clupeiformes;Engraulidae;Engraulis,False,True,Animalia,Chordata,Teleostei,Clupeiformes,Engraulidae,Engraulis,Engraulis,urn:lsid:marinespecies.org:taxname:125724,Genus,Success_Batch_Engraulis,WoRMS
Eukaryota;Chordata;Actinopteri;Clupeiformes;Engraulidae;Engraulis;Engraulis eurystole,Eukaryota;Chordata;Actinopteri;Clupeiformes;Engraulidae;Engraulis;Engraulis eurystole,False,True,Animalia,Chordata,Teleostei,Clupeiformes,Engraulidae,Engraulis,Engraulis eurystole,urn:lsid:marinespecies.org:taxname:158702,Species,Success_Batch_Engraulis eurystole,WoRMS
Eukaryota;Chordata;Actinopteri;Gadiformes;Bregmacerotidae;Bregmaceros;Bregmaceros cantori,Eukaryota;Chordata;Actinopteri;Gadiformes;Bregmacerotidae;Bregmaceros;Bregmaceros cantori,False,True,Animalia,Chordata,Teleostei,Gadiformes,Bregmacerotidae,Bregmaceros,Bregmaceros cantori,urn:lsid:marinespecies.org:taxname:158924,Species,Success_Batch_Bregmaceros cantori,WoRMS
Eukaryota;Chordata;Actinopteri;Gadiformes;Macrouridae;Coelorinchus;Coelorinchus caribbaeus,Eukaryota;Chordata;Actinopteri;Gadiformes;Macrouridae;Coelorinchus;Coelorinchus caribbaeus,False,True,Animalia,Chordata,Teleostei,Gadiformes,Macrouridae,Coelorinchus,Coelorinchus caribbaeus,urn:lsid:marinespecies.org:taxname:280261,Species,Success_Batch_Coelorinchus caribbaeus,WoRMS
Eukaryota;Chordata;Actinopteri;Gadiformes;Macrouridae;Coelorinchus;Coelorinchus caribbaeus,Eukaryota;Chordata;Actinopteri;Gadiformes;Macrouridae;Coelorinchus;Coelorinchus caribbaeus,False,False,Animalia,Chordata,Teleostei,Gadiformes,Macrouridae,Coelorinchus,Coelorinchus caribbaeus,urn:lsid:marinespecies.org:taxname:280261,Species,Success_Batch_Coelorinchus caribbaeus,WoRMS
Eukaryota;Chordata;Actinopteri;Gadiformes;Merlucciidae;Merluccius,Eukaryota;Chordata;Actinopteri;Gadiformes;Merlucciidae;Merluccius,False,True,Animalia,Chordata,Teleostei,Gadiformes,Merlucciidae,Merluccius,Merluccius,urn:lsid:marinespecies.org:taxname:125762,Genus,Success_Batch_Merluccius,WoRMS
Eukaryota;Chordata;Actinopteri;Gadiformes;Merlucciidae;Merluccius;Merluccius albidus,Eukaryota;Chordata;Actinopteri;Gadiformes;Merlucciidae;Merluccius;Merluccius albidus,False,True,Animalia,Chordata,Teleostei,Gadiformes,Merlucciidae,Merluccius,Merluccius albidus,urn:lsid:marinespecies.org:taxname:158748,Species,Success_Batch_Merluccius albidus,WoRMS
Eukaryota;Chordata;Actinopteri;Gadiformes;Phycidae;Urophycis;Urophycis floridana,Eukaryota;Chordata;Actinopteri;Gadiformes;Phycidae;Urophycis;Urophycis floridana,False,True,Animalia,Chordata,Teleostei,Gadiformes,Phycidae,Urophycis,Urophycis floridana,urn:lsid:marinespecies.org:taxname:158990,Species,Success_Batch_Urophycis floridana,WoRMS
Eukaryota;Chordata;Actinopteri;Gadiformes;Phycidae;Urophycis;Urophycis floridana,Eukaryota;Chordata;Actinopteri;Gadiformes;Phycidae;Urophycis;Urophycis floridana,False,False,Animalia,Chordata,Teleostei,Gadiformes,Phycidae,Urophycis,Urophycis floridana,urn:lsid:marinespecies.org:taxname:158990,Species,Success_Batch_Urophycis floridana,WoRMS
Eukaryota;Chordata;Actinopteri;Gadiformes;Steindachneriidae;Steindachneria;Steindachneria argentea,Eukaryota;Chordata;Actinopteri;Gadiformes;Steindachneriidae;Steindachneria;Steindachneria argentea,False,True,Animalia,Chordata,Teleostei,Gadiformes,Steindachneriidae,Steindachneria,Steindachneria argentea,urn:lsid:marinespecies.org:taxname:282877,Species,Success_Batch_Steindachneria argentea,WoRMS
Eukaryota;Chordata;Actinopteri;Gobiiformes;Gobiidae,Eukaryota;Chordata;Actinopteri;Gobiiformes;Gobiidae,False,True,Animalia,Chordata,Teleostei,Gobiiformes,Gobiidae,,Gobiidae,urn:lsid:marinespecies.org:taxname:125537,Family,Success_Batch_Gobiidae,WoRMS
Eukaryota;Chordata;Actinopteri;Gobiiformes;Gobiidae;Bollmannia;Bollmannia communis,Eukaryota;Chordata;Actinopteri;Gobiiformes;Gobiidae;Bollmannia;Bollmannia communis,False,True,Animalia,Chordata,Teleostei,Gobiiformes,Gobiidae,Bollmannia,Bollmannia communis,urn:lsid:marinespecies.org:taxname:279929,Species,Success_Batch_Bollmannia communis,WoRMS
Eukaryota;Chordata;Actinopteri;Gobiiformes;Gobiidae;Glossogobius;Glossogobius giuris,Eukaryota;Chordata;Actinopteri;Gobiiformes;Gobiidae;Glossogobius;Glossogobius giuris,False,True,Animalia,Chordata,Teleostei,Gobiiformes,Gobiidae,Glossogobius,Glossogobius giuris,urn:lsid:marinespecies.org:taxname:219471,Species,Success_Batch_Glossogobius giuris,WoRMS
Eukaryota;Chordata;Actinopteri;Istiophoriformes;Xiphiidae;Xiphias;Xiphias gladius,Eukaryota;Chordata;Actinopteri;Istiophoriformes;Xiphiidae;Xiphias;Xiphias gladius,False,True,Animalia,Chordata,Teleostei,Carangiformes,Xiphiidae,Xiphias,Xiphias gladius,urn:lsid:marinespecies.org:taxname:127094,Species,Success_Batch_Xiphias gladius,WoRMS
Eukaryota;Chordata;Actinopteri;Labriformes;Labridae;Xyrichtys;Xyrichtys novacula,Eukaryota;Chordata;Actinopteri;Labriformes;Labridae;Xyrichtys;Xyrichtys novacula,False,True,Animalia,Chordata,Teleostei,Eupercaria incertae sedis,Labridae,Xyrichtys,Xyrichtys novacula,urn:lsid:marinespecies.org:taxname:126971,Species,Success_Batch_Xyrichtys novacula,WoRMS
Eukaryota;Chordata;Actinopteri;Lampriformes;Trachipteridae;Zu;Zu cristatus,Eukaryota;Chordata;Actinopteri;Lampriformes;Trachipteridae;Zu;Zu cristatus,False,True,Animalia,Chordata,Teleostei,Lampriformes,Trachipteridae,Zu,Zu cristatus,urn:lsid:marinespecies.org:taxname:126529,Species,Success_Batch_Zu cristatus,WoRMS
Eukaryota;Chordata;Actinopteri;Lophiiformes;Ogcocephalidae;Zalieutes;Zalieutes mcgintyi,Eukaryota;Chordata;Actinopteri;Lophiiformes;Ogcocephalidae;Zalieutes;Zalieutes mcgintyi,False,True,Animalia,Chordata,Teleostei,Lophiiformes,Ogcocephalidae,Zalieutes,Zalieutes mcgintyi,urn:lsid:marinespecies.org:taxname:283204,Species,Success_Batch_Zalieutes mcgintyi,WoRMS
Eukaryota;Chordata;Actinopteri;Lophiiformes;Ogcocephalidae;Zalieutes;Zalieutes mcgintyi,Eukaryota;Chordata;Actinopteri;Lophiiformes;Ogcocephalidae;Zalieutes;Zalieutes mcgintyi,False,False,Animalia,Chordata,Teleostei,Lophiiformes,Ogcocephalidae,Zalieutes,Zalieutes mcgintyi,urn:lsid:marinespecies.org:taxname:283204,Species,Success_Batch_Zalieutes mcgintyi,WoRMS
Eukaryota;Chordata;Actinopteri;Lutjaniformes;Lutjanidae;Lutjanus;Lutjanus campechanus,Eukaryota;Chordata;Actinopteri;Lutjaniformes;Lutjanidae;Lutjanus;Lutjanus campechanus,False,True,Animalia,Chordata,Teleostei,Eupercaria incertae sedis,Lutjanidae,Lutjanus,Lutjanus campechanus,urn:lsid:marinespecies.org:taxname:159795,Species,Success_Batch_Lutjanus campechanus,WoRMS
Eukaryota;Chordata;Actinopteri;Lutjaniformes;Lutjanidae;Pristipomoides,Eukaryota;Chordata;Actinopteri;Lutjaniformes;Lutjanidae;Pristipomoides,False,True,Animalia,Chordata,Teleostei,Eupercaria incertae sedis,Lutjanidae,Pristipomoides,Pristipomoides,urn:lsid:marinespecies.org:taxname:159804,Genus,Success_Batch_Pristipomoides,WoRMS
Eukaryota;Chordata;Actinopteri;Lutjaniformes;Lutjanidae;Pristipomoides,Eukaryota;Chordata;Actinopteri;Lutjaniformes;Lutjanidae;Pristipomoides,False,False,Animalia,Chordata,Teleostei,Eupercaria incertae sedis,Lutjanidae,Pristipomoides,Pristipomoides,urn:lsid:marinespecies.org:taxname:159804,Genus,Success_Batch_Pristipomoides,WoRMS
Eukaryota;Chordata;Actinopteri;Lutjaniformes;Lutjanidae;Pristipomoides;Pristipomoides aquilonaris,Eukaryota;Chordata;Actinopteri;Lutjaniformes;Lutjanidae;Pristipomoides;Pristipomoides aquilonaris,False,True,Animalia,Chordata,Teleostei,Eupercaria incertae sedis,Lutjanidae,Pristipomoides,Pristipomoides aquilonaris,urn:lsid:marinespecies.org:taxname:159805,Species,Success_Batch_Pristipomoides aquilonaris,WoRMS
Eukaryota;Chordata;Actinopteri;Myctophiformes;Myctophidae;Centrobranchus;Centrobranchus nigroocellatus,Eukaryota;Chordata;Actinopteri;Myctophiformes;Myctophidae;Centrobranchus;Centrobranchus nigroocellatus,False,True,Animalia,Chordata,Teleostei,Myctophiformes,Myctophidae,Centrobranchus,Centrobranchus nigroocellatus,urn:lsid:marinespecies.org:taxname:126584,Species,Success_Batch_Centrobranchus nigroocellatus,WoRMS
Eukaryota;Chordata;Actinopteri;Myctophiformes;Myctophidae;Dasyscopelus;Dasyscopelus obtusirostris,Eukaryota;Chordata;Actinopteri;Myctophiformes;Myctophidae;Dasyscopelus;Dasyscopelus obtusirostris,False,True,Animalia,Chordata,Teleostei,Myctophiformes,Myctophidae,Dasyscopelus,Dasyscopelus obtusirostris,urn:lsid:marinespecies.org:taxname:1525495,Species,Success_Batch_Dasyscopelus obtusirostris,WoRMS
Eukaryota;Chordata;Actinopteri;Myctophiformes;Myctophidae;Dasyscopelus;Dasyscopelus obtusirostris,Eukaryota;Chordata;Actinopteri;Myctophiformes;Myctophidae;Dasyscopelus;Dasyscopelus obtusirostris,False,False,Animalia,Chordata,Teleostei,Myctophiformes,Myctophidae,Dasyscopelus,Dasyscopelus obtusirostris,urn:lsid:marinespecies.org:taxname:1525495,Species,Success_Batch_Dasyscopelus obtusirostris,WoRMS
Eukaryota;Chordata;Actinopteri;Myctophiformes;Myctophidae;Diaphus,Eukaryota;Chordata;Actinopteri;Myctophiformes;Myctophidae;Diaphus,False,True,Animalia,Chordata,Teleostei,Myctophiformes,Myctophidae,Diaphus,Diaphus,urn:lsid:marinespecies.org:taxname:125819,Genus,Success_Batch_Diaphus,WoRMS
Eukaryota;Chordata;Actinopteri;Myctophiformes;Myctophidae;Diaphus,Eukaryota;Chordata;Actinopteri;Myctophiformes;Myctophidae;Diaphus,False,False,Animalia,Chordata,Teleostei,Myctophiformes,Myctophidae,Diaphus,Diaphus,urn:lsid:marinespecies.org:taxname:125819,Genus,Success_Batch_Diaphus,WoRMS
Eukaryota;Chordata;Actinopteri;Myctophiformes;Myctophidae;Diaphus;Diaphus dumerilii,Eukaryota;Chordata;Actinopteri;Myctophiformes;Myctophidae;Diaphus;Diaphus dumerilii,False,True,Animalia,Chordata,Teleostei,Myctophiformes,Myctophidae,Diaphus,Diaphus dumerilii,urn:lsid:marinespecies.org:taxname:126590,Species,Success_Batch_Diaphus dumerilii,WoRMS
Eukaryota;Chordata;Actinopteri;Myctophiformes;Myctophidae;Diaphus;Diaphus dumerilii,Eukaryota;Chordata;Actinopteri;Myctophiformes;Myctophidae;Diaphus;Diaphus dumerilii,False,False,Animalia,Chordata,Teleostei,Myctophiformes,Myctophidae,Diaphus,Diaphus dumerilii,urn:lsid:marinespecies.org:taxname:126590,Species,Success_Batch_Diaphus dumerilii,WoRMS
Eukaryota;Chordata;Actinopteri;Myctophiformes;Myctophidae;Diaphus;Diaphus splendidus,Eukaryota;Chordata;Actinopteri;Myctophiformes;Myctophidae;Diaphus;Diaphus splendidus,False,True,Animalia,Chordata,Teleostei,Myctophiformes,Myctophidae,Diaphus,Diaphus splendidus,urn:lsid:marinespecies.org:taxname:158893,Species,Success_Batch_Diaphus splendidus,WoRMS
Eukaryota;Chordata;Actinopteri;Myctophiformes;Myctophidae;Diogenichthys;Diogenichthys atlanticus,Eukaryota;Chordata;Actinopteri;Myctophiformes;Myctophidae;Diogenichthys;Diogenichthys atlanticus,False,True,Animalia,Chordata,Teleostei,Myctophiformes,Myctophidae,Diogenichthys,Diogenichthys atlanticus,urn:lsid:marinespecies.org:taxname:126599,Species,Success_Batch_Diogenichthys atlanticus,WoRMS
Eukaryota;Chordata;Actinopteri;Myctophiformes;Myctophidae;Hygophum,Eukaryota;Chordata;Actinopteri;Myctophiformes;Myctophidae;Hygophum,False,True,Animalia,Chordata,Teleostei,Myctophiformes,Myctophidae,Hygophum,Hygophum,urn:lsid:marinespecies.org:taxname:125823,Genus,Success_Batch_Hygophum,WoRMS
Eukaryota;Chordata;Actinopteri;Myctophiformes;Myctophidae;Hygophum,Eukaryota;Chordata;Actinopteri;Myctophiformes;Myctophidae;Hygophum,False,False,Animalia,Chordata,Teleostei,Myctophiformes,Myctophidae,Hygophum,Hygophum,urn:lsid:marinespecies.org:taxname:125823,Genus,Success_Batch_Hygophum,WoRMS
Eukaryota;Chordata;Actinopteri;Myctophiformes;Myctophidae;Lampanyctus,Eukaryota;Chordata;Actinopteri;Myctophiformes;Myctophidae;Lampanyctus,False,True,Animalia,Chordata,Teleostei,Myctophiformes,Myctophidae,Lampanyctus,Lampanyctus,urn:lsid:marinespecies.org:taxname:125825,Genus,Success_Batch_Lampanyctus,WoRMS
Eukaryota;Chordata;Actinopteri;Myctophiformes;Myctophidae;Lepidophanes;Lepidophanes guentheri,Eukaryota;Chordata;Actinopteri;Myctophiformes;Myctophidae;Lepidophanes;Lepidophanes guentheri,False,True,Animalia,Chordata,Teleostei,Myctophiformes,Myctophidae,Lepidophanes,Lepidophanes guentheri,urn:lsid:marinespecies.org:taxname:126621,Species,Success_Batch_Lepidophanes guentheri,WoRMS
Eukaryota;Chordata;Actinopteri;Myctophiformes;Myctophidae;Myctophum,Eukaryota;Chordata;Actinopteri;Myctophiformes;Myctophidae;Myctophum,False,True,Animalia,Chordata,Teleostei,Myctophiformes,Myctophidae,Myctophum,Myctophum,urn:lsid:marinespecies.org:taxname:125829,Genus,Success_Batch_Myctophum,WoRMS
Eukaryota;Chordata;Actinopteri;Myctophiformes;Myctophidae;Myctophum;Myctophum affine,Eukaryota;Chordata;Actinopteri;Myctophiformes;Myctophidae;Myctophum;Myctophum affine,False,True,Animalia,Chordata,Teleostei,Myctophiformes,Myctophidae,Myctophum,Myctophum affine,urn:lsid:marinespecies.org:taxname:158902,Species,Success_Batch_Myctophum affine,WoRMS
Eukaryota;Chordata;Actinopteri;Myctophiformes;Myctophidae;Notolychnus;Notolychnus valdiviae,Eukaryota;Chordata;Actinopteri;Myctophiformes;Myctophidae;Notolychnus;Notolychnus valdiviae,False,True,Animalia,Chordata,Teleostei,Myctophiformes,Myctophidae,Notolychnus,Notolychnus valdiviae,urn:lsid:marinespecies.org:taxname:126629,Species,Success_Batch_Notolychnus valdiviae,WoRMS
Eukaryota;Chordata;Actinopteri;NA;Malacanthidae;Lopholatilus;Lopholatilus chamaeleonticeps,Eukaryota;Chordata;Actinopteri;NA;Malacanthidae;Lopholatilus;Lopholatilus chamaeleonticeps,False,True,Animalia,Chordata,Teleostei,Eupercaria incertae sedis,Malacanthidae,Lopholatilus,Lopholatilus chamaeleonticeps,urn:lsid:marinespecies.org:taxname:159406,Species,Success_Batch_Lopholatilus chamaeleonticeps,WoRMS
Eukaryota;Chordata;Actinopteri;NA;Malacanthidae;Lopholatilus;Lopholatilus chamaeleonticeps,Eukaryota;Chordata;Actinopteri;NA;Malacanthidae;Lopholatilus;Lopholatilus chamaeleonticeps,False,False,Animalia,Chordata,Teleostei,Eupercaria incertae sedis,Malacanthidae,Lopholatilus,Lopholatilus chamaeleonticeps,urn:lsid:marinespecies.org:taxname:159406,Species,Success_Batch_Lopholatilus chamaeleonticeps,WoRMS
Eukaryota;Chordata;Actinopteri;Ophidiiformes;Carapidae;Carapus;Carapus bermudensis,Eukaryota;Chordata;Actinopteri;Ophidiiformes;Carapidae;Carapus;Carapus bermudensis,False,True,Animalia,Chordata,Teleostei,Ophidiiformes,Carapidae,Carapus,Carapus bermudensis,urn:lsid:marinespecies.org:taxname:158995,Species,Success_Batch_Carapus bermudensis,WoRMS
Eukaryota;Chordata;Actinopteri;Ophidiiformes;Ophidiidae,Eukaryota;Chordata;Actinopteri;Ophidiiformes;Ophidiidae,False,True,Animalia,Chordata,Teleostei,Ophidiiformes,Ophidiidae,,Ophidiidae,urn:lsid:marinespecies.org:taxname:125505,Family,Success_Batch_Ophidiidae,WoRMS
Eukaryota;Chordata;Actinopteri;Ophidiiformes;Ophidiidae;Benthocometes;Benthocometes robustus,Eukaryota;Chordata;Actinopteri;Ophidiiformes;Ophidiidae;Benthocometes;Benthocometes robustus,False,True,Animalia,Chordata,Teleostei,Ophidiiformes,Ophidiidae,Benthocometes,Benthocometes robustus,urn:lsid:marinespecies.org:taxname:126667,Species,Success_Batch_Benthocometes robustus,WoRMS
Eukaryota;Chordata;Actinopteri;Ophidiiformes;Ophidiidae;Raneya,Eukaryota;Chordata;Actinopteri;Ophidiiformes;Ophidiidae;Raneya,False,True,Animalia,Chordata,Teleostei,Ophidiiformes,Ophidiidae,Raneya,Raneya,urn:lsid:marinespecies.org:taxname:270696,Genus,Success_Batch_Raneya,WoRMS
Eukaryota;Chordata;Actinopteri;Perciformes;Bembropidae;Bembrops;Bembrops anatirostris,Eukaryota;Chordata;Actinopteri;Perciformes;Bembropidae;Bembrops;Bembrops anatirostris,False,True,Animalia,Chordata,Teleostei,Perciformes,Bembropidae,Bembrops,Bembrops anatirostris,urn:lsid:marinespecies.org:taxname:159842,Species,Success_Batch_Bembrops anatirostris,WoRMS
Eukaryota;Chordata;Actinopteri;Perciformes;Bembropidae;Bembrops;Bembrops anatirostris,Eukaryota;Chordata;Actinopteri;Perciformes;Bembropidae;Bembrops;Bembrops anatirostris,False,False,Animalia,Chordata,Teleostei,Perciformes,Bembropidae,Bembrops,Bembrops anatirostris,urn:lsid:marinespecies.org:taxname:159842,Species,Success_Batch_Bembrops anatirostris,WoRMS
Eukaryota;Chordata;Actinopteri;Perciformes;Peristediidae;Peristedion,Eukaryota;Chordata;Actinopteri;Perciformes;Peristediidae;Peristedion,False,True,Animalia,Chordata,Teleostei,Perciformes,Peristediidae,Peristedion,Peristedion,urn:lsid:marinespecies.org:taxname:126165,Genus,Success_Batch_Peristedion,WoRMS
Eukaryota;Chordata;Actinopteri;Perciformes;Peristediidae;Peristedion;Peristedion miniatum,Eukaryota;Chordata;Actinopteri;Perciformes;Peristediidae;Peristedion;Peristedion miniatum,False,True,Animalia,Chordata,Teleostei,Perciformes,Peristediidae,Peristedion,Peristedion miniatum,urn:lsid:marinespecies.org:taxname:159550,Species,Success_Batch_Peristedion miniatum,WoRMS
Eukaryota;Chordata;Actinopteri;Perciformes;Peristediidae;Peristedion;Peristedion miniatum,Eukaryota;Chordata;Actinopteri;Perciformes;Peristediidae;Peristedion;Peristedion miniatum,False,False,Animalia,Chordata,Teleostei,Perciformes,Peristediidae,Peristedion,Peristedion miniatum,urn:lsid:marinespecies.org:taxname:159550,Species,Success_Batch_Peristedion miniatum,WoRMS
Eukaryota;Chordata;Actinopteri;Perciformes;Scorpaenidae;Pontinus,Eukaryota;Chordata;Actinopteri;Perciformes;Scorpaenidae;Pontinus,False,True,Animalia,Chordata,Teleostei,Perciformes,Scorpaenidae,Pontinus,Pontinus,urn:lsid:marinespecies.org:taxname:126170,Genus,Success_Batch_Pontinus,WoRMS
Eukaryota;Chordata;Actinopteri;Perciformes;Scorpaenidae;Pontinus;Pontinus longispinis,Eukaryota;Chordata;Actinopteri;Perciformes;Scorpaenidae;Pontinus;Pontinus longispinis,False,True,Animalia,Chordata,Teleostei,Perciformes,Scorpaenidae,Pontinus,Pontinus longispinis,urn:lsid:marinespecies.org:taxname:159555,Species,Success_Batch_Pontinus longispinis,WoRMS
Eukaryota;Chordata;Actinopteri;Perciformes;Scorpaenidae;Scorpaena;Scorpaena agassizii,Eukaryota;Chordata;Actinopteri;Perciformes;Scorpaenidae;Scorpaena;Scorpaena agassizii,False,True,Animalia,Chordata,Teleostei,Perciformes,Scorpaenidae,Scorpaena,Scorpaena agassizii,urn:lsid:marinespecies.org:taxname:159560,Species,Success_Batch_Scorpaena agassizii,WoRMS
Eukaryota;Chordata;Actinopteri;Perciformes;Serranidae;Baldwinella;Baldwinella aureorubens,Eukaryota;Chordata;Actinopteri;Perciformes;Serranidae;Baldwinella;Baldwinella aureorubens,False,True,Animalia,Chordata,Teleostei,Perciformes,Anthiadidae,Baldwinella,Baldwinella aureorubens,urn:lsid:marinespecies.org:taxname:1015364,Species,Success_Batch_Baldwinella aureorubens,WoRMS
Eukaryota;Chordata;Actinopteri;Perciformes;Serranidae;Baldwinella;Baldwinella aureorubens,Eukaryota;Chordata;Actinopteri;Perciformes;Serranidae;Baldwinella;Baldwinella aureorubens,False,False,Animalia,Chordata,Teleostei,Perciformes,Anthiadidae,Baldwinella,Baldwinella aureorubens,urn:lsid:marinespecies.org:taxname:1015364,Species,Success_Batch_Baldwinella aureorubens,WoRMS
Eukaryota;Chordata;Actinopteri;Perciformes;Serranidae;Bathyanthias;Bathyanthias cubensis,Eukaryota;Chordata;Actinopteri;Perciformes;Serranidae;Bathyanthias;Bathyanthias cubensis,False,True,Animalia,Chordata,Teleostei,Perciformes,Epinephelidae,Bathyanthias,Bathyanthias cubensis,urn:lsid:marinespecies.org:taxname:279867,Species,Success_Batch_Bathyanthias cubensis,WoRMS
Eukaryota;Chordata;Actinopteri;Perciformes;Serranidae;Bathyanthias;Bathyanthias cubensis,Eukaryota;Chordata;Actinopteri;Perciformes;Serranidae;Bathyanthias;Bathyanthias cubensis,False,False,Animalia,Chordata,Teleostei,Perciformes,Epinephelidae,Bathyanthias,Bathyanthias cubensis,urn:lsid:marinespecies.org:taxname:279867,Species,Success_Batch_Bathyanthias cubensis,WoRMS
Eukaryota;Chordata;Actinopteri;Perciformes;Serranidae;Epinephelus;Epinephelus flavolimbatus,Eukaryota;Chordata;Actinopteri;Perciformes;Serranidae;Epinephelus;Epinephelus flavolimbatus,False,True,Animalia,Chordata,Teleostei,Perciformes,Epinephelidae,Epinephelus,Epinephelus,urn:lsid:marinespecies.org:taxname:126068,Genus,Success_Batch_Epinephelus,WoRMS
Eukaryota;Chordata;Actinopteri;Perciformes;Serranidae;Epinephelus;Epinephelus flavolimbatus,Eukaryota;Chordata;Actinopteri;Perciformes;Serranidae;Epinephelus;Epinephelus flavolimbatus,False,False,Animalia,Chordata,Teleostei,Perciformes,Epinephelidae,Epinephelus,Epinephelus,urn:lsid:marinespecies.org:taxname:126068,Genus,Success_Batch_Epinephelus,WoRMS
Eukaryota;Chordata;Actinopteri;Perciformes;Serranidae;Hemanthias;Hemanthias leptus,Eukaryota;Chordata;Actinopteri;Perciformes;Serranidae;Hemanthias;Hemanthias leptus,False,True,Animalia,Chordata,Teleostei,Perciformes,Anthiadidae,Hemanthias,Hemanthias leptus,urn:lsid:marinespecies.org:taxname:275929,Species,Success_Batch_Hemanthias leptus,WoRMS
Eukaryota;Chordata;Actinopteri;Perciformes;Serranidae;Hemanthias;Hemanthias leptus,Eukaryota;Chordata;Actinopteri;Perciformes;Serranidae;Hemanthias;Hemanthias leptus,False,False,Animalia,Chordata,Teleostei,Perciformes,Anthiadidae,Hemanthias,Hemanthias leptus,urn:lsid:marinespecies.org:taxname:275929,Species,Success_Batch_Hemanthias leptus,WoRMS
Eukaryota;Chordata;Actinopteri;Perciformes;Serranidae;Serranus,Eukaryota;Chordata;Actinopteri;Perciformes;Serranidae;Serranus,False,True,Animalia,Chordata,Teleostei,Perciformes,Serranidae,Serranus,Serranus,urn:lsid:marinespecies.org:taxname:126070,Genus,Success_Batch_Serranus,WoRMS
Eukaryota;Chordata;Actinopteri;Perciformes;Serranidae;Serranus;Serranus atrobranchus,Eukaryota;Chordata;Actinopteri;Perciformes;Serranidae;Serranus;Serranus atrobranchus,False,True,Animalia,Chordata,Teleostei,Perciformes,Serranidae,Serranus,Serranus atrobranchus,urn:lsid:marinespecies.org:taxname:273891,Species,Success_Batch_Serranus atrobranchus,WoRMS
Eukaryota;Chordata;Actinopteri;Perciformes;Serranidae;Serranus;Serranus atrobranchus,Eukaryota;Chordata;Actinopteri;Perciformes;Serranidae;Serranus;Serranus atrobranchus,False,False,Animalia,Chordata,Teleostei,Perciformes,Serranidae,Serranus,Serranus atrobranchus,urn:lsid:marinespecies.org:taxname:273891,Species,Success_Batch_Serranus atrobranchus,WoRMS
Eukaryota;Chordata;Actinopteri;Perciformes;Triglidae;Prionotus;Prionotus stearnsi,Eukaryota;Chordata;Actinopteri;Perciformes;Triglidae;Prionotus;Prionotus stearnsi,False,True,Animalia,Chordata,Teleostei,Perciformes,Triglidae,Prionotus,Prionotus stearnsi,urn:lsid:marinespecies.org:taxname:159576,Species,Success_Batch_Prionotus stearnsi,WoRMS
Eukaryota;Chordata;Actinopteri;Perciformes;Triglidae;Prionotus;Prionotus stearnsi,Eukaryota;Chordata;Actinopteri;Perciformes;Triglidae;Prionotus;Prionotus stearnsi,False,False,Animalia,Chordata,Teleostei,Perciformes,Triglidae,Prionotus,Prionotus stearnsi,urn:lsid:marinespecies.org:taxname:159576,Species,Success_Batch_Prionotus stearnsi,WoRMS
Eukaryota;Chordata;Actinopteri;Pleuronectiformes;Bothidae;Trichopsetta;Trichopsetta ventralis,Eukaryota;Chordata;Actinopteri;Pleuronectiformes;Bothidae;Trichopsetta;Trichopsetta ventralis,False,True,Animalia,Chordata,Teleostei,Pleuronectiformes,Bothidae,Trichopsetta,Trichopsetta ventralis,urn:lsid:marinespecies.org:taxname:159217,Species,Success_Batch_Trichopsetta ventralis,WoRMS
Eukaryota;Chordata;Actinopteri;Pleuronectiformes;Cyclopsettidae;Citharichthys;Citharichthys cornutus,Eukaryota;Chordata;Actinopteri;Pleuronectiformes;Cyclopsettidae;Citharichthys;Citharichthys cornutus,False,True,Animalia,Chordata,Teleostei,Pleuronectiformes,Paralichthyidae,Citharichthys,Citharichthys cornutus,urn:lsid:marinespecies.org:taxname:158792,Species,Success_Batch_Citharichthys cornutus,WoRMS
Eukaryota;Chordata;Actinopteri;Pleuronectiformes;Cyclopsettidae;Citharichthys;Citharichthys cornutus,Eukaryota;Chordata;Actinopteri;Pleuronectiformes;Cyclopsettidae;Citharichthys;Citharichthys cornutus,False,False,Animalia,Chordata,Teleostei,Pleuronectiformes,Paralichthyidae,Citharichthys,Citharichthys cornutus,urn:lsid:marinespecies.org:taxname:158792,Species,Success_Batch_Citharichthys cornutus,WoRMS
Eukaryota;Chordata;Actinopteri;Pleuronectiformes;Cyclopsettidae;Syacium;Syacium papillosum,Eukaryota;Chordata;Actinopteri;Pleuronectiformes;Cyclopsettidae;Syacium;Syacium papillosum,False,True,Animalia,Chordata,Teleostei,Pleuronectiformes,Paralichthyidae,Syacium,Syacium papillosum,urn:lsid:marinespecies.org:taxname:158878,Species,Success_Batch_Syacium papillosum,WoRMS
Eukaryota;Chordata;Actinopteri;Pleuronectiformes;Paralichthyidae;Hippoglossina;Hippoglossina oblonga,Eukaryota;Chordata;Actinopteri;Pleuronectiformes;Paralichthyidae;Hippoglossina;Hippoglossina oblonga,False,True,Animalia,Chordata,Teleostei,Pleuronectiformes,Paralichthyidae,Hippoglossina,Hippoglossina oblonga,urn:lsid:marinespecies.org:taxname:158833,Species,Success_Batch_Hippoglossina oblonga,WoRMS
Eukaryota;Chordata;Actinopteri;Pleuronectiformes;Paralichthyidae;Paralichthys;Paralichthys squamilentus,Eukaryota;Chordata;Actinopteri;Pleuronectiformes;Paralichthyidae;Paralichthys;Paralichthys squamilentus,False,True,Animalia,Chordata,Teleostei,Pleuronectiformes,Paralichthyidae,Paralichthys,Paralichthys squamilentus,urn:lsid:marinespecies.org:taxname:158827,Species,Success_Batch_Paralichthys squamilentus,WoRMS
Eukaryota;Chordata;Actinopteri;Polymixiiformes;Polymixiidae;Polymixia,Eukaryota;Chordata;Actinopteri;Polymixiiformes;Polymixiidae;Polymixia,False,True,Animalia,Chordata,Teleostei,Polymixiiformes,Polymixiidae,Polymixia,Polymixia,urn:lsid:marinespecies.org:taxname:126134,Genus,Success_Batch_Polymixia,WoRMS
Eukaryota;Chordata;Actinopteri;Polymixiiformes;Polymixiidae;Polymixia;Polymixia lowei,Eukaryota;Chordata;Actinopteri;Polymixiiformes;Polymixiidae;Polymixia;Polymixia lowei,False,True,Animalia,Chordata,Teleostei,Polymixiiformes,Polymixiidae,Polymixia,Polymixia lowei,urn:lsid:marinespecies.org:taxname:158923,Species,Success_Batch_Polymixia lowei,WoRMS
Eukaryota;Chordata;Actinopteri;Polymixiiformes;Polymixiidae;Polymixia;Polymixia lowei,Eukaryota;Chordata;Actinopteri;Polymixiiformes;Polymixiidae;Polymixia;Polymixia lowei,False,False,Animalia,Chordata,Teleostei,Polymixiiformes,Polymixiidae,Polymixia,Polymixia lowei,urn:lsid:marinespecies.org:taxname:158923,Species,Success_Batch_Polymixia lowei,WoRMS
Eukaryota;Chordata;Actinopteri;Scombriformes,Eukaryota;Chordata;Actinopteri;Scombriformes,False,True,Animalia,Chordata,Teleostei,Scombriformes,,,Scombriformes,urn:lsid:marinespecies.org:taxname:1517490,Order,Success_Batch_Scombriformes,WoRMS
Eukaryota;Chordata;Actinopteri;Scombriformes;Ariommatidae;Ariomma,Eukaryota;Chordata;Actinopteri;Scombriformes;Ariommatidae;Ariomma,False,True,Animalia,Chordata,Teleostei,Scombriformes,Ariommatidae,Ariomma,Ariomma,urn:lsid:marinespecies.org:taxname:159591,Genus,Success_Batch_Ariomma,WoRMS
Eukaryota;Chordata;Actinopteri;Scombriformes;Ariommatidae;Ariomma;Ariomma bondi,Eukaryota;Chordata;Actinopteri;Scombriformes;Ariommatidae;Ariomma;Ariomma bondi,False,True,Animalia,Chordata,Teleostei,Scombriformes,Ariommatidae,Ariomma,Ariomma bondi,urn:lsid:marinespecies.org:taxname:159592,Species,Success_Batch_Ariomma bondi,WoRMS
Eukaryota;Chordata;Actinopteri;Scombriformes;Ariommatidae;Ariomma;Ariomma bondi,Eukaryota;Chordata;Actinopteri;Scombriformes;Ariommatidae;Ariomma;Ariomma bondi,False,False,Animalia,Chordata,Teleostei,Scombriformes,Ariommatidae,Ariomma,Ariomma bondi,urn:lsid:marinespecies.org:taxname:159592,Species,Success_Batch_Ariomma bondi,WoRMS
Eukaryota;Chordata;Actinopteri;Scombriformes;Bramidae;Brama,Eukaryota;Chordata;Actinopteri;Scombriformes;Bramidae;Brama,False,True,Animalia,Chordata,Teleostei,Scombriformes,Bramidae,Brama,Brama,urn:lsid:marinespecies.org:taxname:125924,Genus,Success_Batch_Brama,WoRMS
Eukaryota;Chordata;Actinopteri;Scombriformes;Bramidae;Pterycombus,Eukaryota;Chordata;Actinopteri;Scombriformes;Bramidae;Pterycombus,False,True,Animalia,Chordata,Teleostei,Scombriformes,Bramidae,Pterycombus,Pterycombus,urn:lsid:marinespecies.org:taxname:125926,Genus,Success_Batch_Pterycombus,WoRMS
Eukaryota;Chordata;Actinopteri;Scombriformes;Bramidae;Pterycombus;Pterycombus brama,Eukaryota;Chordata;Actinopteri;Scombriformes;Bramidae;Pterycombus;Pterycombus brama,False,True,Animalia,Chordata,Teleostei,Scombriformes,Bramidae,Pterycombus,Pterycombus brama,urn:lsid:marinespecies.org:taxname:126785,Species,Success_Batch_Pterycombus brama,WoRMS
Eukaryota;Chordata;Actinopteri;Scombriformes;Bramidae;Taractichthys;Taractichthys steindachneri,Eukaryota;Chordata;Actinopteri;Scombriformes;Bramidae;Taractichthys;Taractichthys steindachneri,False,True,Animalia,Chordata,Teleostei,Scombriformes,Bramidae,Taractichthys,Taractichthys steindachneri,urn:lsid:marinespecies.org:taxname:221420,Species,Success_Batch_Taractichthys steindachneri,WoRMS
Eukaryota;Chordata;Actinopteri;Scombriformes;Gempylidae;Diplospinus;Diplospinus multistriatus,Eukaryota;Chordata;Actinopteri;Scombriformes;Gempylidae;Diplospinus;Diplospinus multistriatus,False,True,Animalia,Chordata,Teleostei,Scombriformes,Gempylidae,Diplospinus,Diplospinus multistriatus,urn:lsid:marinespecies.org:taxname:126861,Species,Success_Batch_Diplospinus multistriatus,WoRMS
Eukaryota;Chordata;Actinopteri;Scombriformes;Gempylidae;Gempylus;Gempylus serpens,Eukaryota;Chordata;Actinopteri;Scombriformes;Gempylidae;Gempylus;Gempylus serpens,False,True,Animalia,Chordata,Teleostei,Scombriformes,Gempylidae,Gempylus,Gempylus serpens,urn:lsid:marinespecies.org:taxname:126862,Species,Success_Batch_Gempylus serpens,WoRMS
Eukaryota;Chordata;Actinopteri;Scombriformes;Gempylidae;Neoepinnula;Neoepinnula americana,Eukaryota;Chordata;Actinopteri;Scombriformes;Gempylidae;Neoepinnula;Neoepinnula americana,False,True,Animalia,Chordata,Teleostei,Scombriformes,Gempylidae,Neoepinnula,Neoepinnula americana,urn:lsid:marinespecies.org:taxname:159712,Species,Success_Batch_Neoepinnula americana,WoRMS
Eukaryota;Chordata;Actinopteri;Scombriformes;Gempylidae;Neoepinnula;Neoepinnula americana,Eukaryota;Chordata;Actinopteri;Scombriformes;Gempylidae;Neoepinnula;Neoepinnula americana,False,False,Animalia,Chordata,Teleostei,Scombriformes,Gempylidae,Neoepinnula,Neoepinnula americana,urn:lsid:marinespecies.org:taxname:159712,Species,Success_Batch_Neoepinnula americana,WoRMS
Eukaryota;Chordata;Actinopteri;Scombriformes;Nomeidae;Cubiceps;Cubiceps baxteri,Eukaryota;Chordata;Actinopteri;Scombriformes;Nomeidae;Cubiceps;Cubiceps baxteri,False,True,Animalia,Chordata,Teleostei,Scombriformes,Nomeidae,Cubiceps,Cubiceps baxteri,urn:lsid:marinespecies.org:taxname:219745,Species,Success_Batch_Cubiceps baxteri,WoRMS
Eukaryota;Chordata;Actinopteri;Scombriformes;Scombridae,Eukaryota;Chordata;Actinopteri;Scombriformes;Scombridae,False,True,Animalia,Chordata,Teleostei,Scombriformes,Scombridae,,Scombridae,urn:lsid:marinespecies.org:taxname:125559,Family,Success_Batch_Scombridae,WoRMS
Eukaryota;Chordata;Actinopteri;Scombriformes;Scombridae;Auxis,Eukaryota;Chordata;Actinopteri;Scombriformes;Scombridae;Auxis,False,True,Animalia,Chordata,Teleostei,Scombriformes,Scombridae,Auxis,Auxis,urn:lsid:marinespecies.org:taxname:126057,Genus,Success_Batch_Auxis,WoRMS
Eukaryota;Chordata;Actinopteri;Scombriformes;Scombridae;Auxis;Auxis rochei,Eukaryota;Chordata;Actinopteri;Scombriformes;Scombridae;Auxis;Auxis rochei,False,True,Animalia,Chordata,Teleostei,Scombriformes,Scombridae,Auxis,Auxis rochei,urn:lsid:marinespecies.org:taxname:127015,Species,Success_Batch_Auxis rochei,WoRMS
Eukaryota;Chordata;Actinopteri;Scombriformes;Scombridae;Auxis;Auxis thazard,Eukaryota;Chordata;Actinopteri;Scombriformes;Scombridae;Auxis;Auxis thazard,False,True,Animalia,Chordata,Teleostei,Scombriformes,Scombridae,Auxis,Auxis thazard,urn:lsid:marinespecies.org:taxname:127016,Species,Success_Batch_Auxis thazard,WoRMS
Eukaryota;Chordata;Actinopteri;Scombriformes;Scombridae;Scomber;Scomber colias,Eukaryota;Chordata;Actinopteri;Scombriformes;Scombridae;Scomber;Scomber colias,False,True,Animalia,Chordata,Teleostei,Scombriformes,Scombridae,Scomber,Scomber colias,urn:lsid:marinespecies.org:taxname:151174,Species,Success_Batch_Scomber colias,WoRMS
Eukaryota;Chordata;Actinopteri;Scombriformes;Scombridae;Scomberomorus;Scomberomorus cavalla,Eukaryota;Chordata;Actinopteri;Scombriformes;Scombridae;Scomberomorus;Scomberomorus cavalla,False,True,Animalia,Chordata,Teleostei,Scombriformes,Scombridae,Scomberomorus,Scomberomorus cavalla,urn:lsid:marinespecies.org:taxname:159340,Species,Success_Batch_Scomberomorus cavalla,WoRMS
Eukaryota;Chordata;Actinopteri;Scombriformes;Scombridae;Thunnini,Eukaryota;Chordata;Actinopteri;Scombriformes;Scombridae;Thunnini,False,True,Animalia,Arthropoda,Malacostraca,Decapoda,Scyllaridae,,Theninae,urn:lsid:marinespecies.org:taxname:382775,Subfamily,Success_Batch_Thunnini,WoRMS
Eukaryota;Chordata;Actinopteri;Scombriformes;Scombridae;Thunnini,Eukaryota;Chordata;Actinopteri;Scombriformes;Scombridae;Thunnini,False,False,Animalia,Arthropoda,Malacostraca,Decapoda,Scyllaridae,,Theninae,urn:lsid:marinespecies.org:taxname:382775,Subfamily,Success_Batch_Thunnini,WoRMS
Eukaryota;Chordata;Actinopteri;Scombriformes;Scombridae;Thunnus,Eukaryota;Chordata;Actinopteri;Scombriformes;Scombridae;Thunnus,False,True,Animalia,Chordata,Teleostei,Scombriformes,Scombridae,Thunnus,Thunnus,urn:lsid:marinespecies.org:taxname:126065,Genus,Success_Batch_Thunnus,WoRMS
Eukaryota;Chordata;Actinopteri;Scombriformes;Scombridae;Thunnus,Eukaryota;Chordata;Actinopteri;Scombriformes;Scombridae;Thunnus,False,False,Animalia,Chordata,Teleostei,Scombriformes,Scombridae,Thunnus,Thunnus,urn:lsid:marinespecies.org:taxname:126065,Genus,Success_Batch_Thunnus,WoRMS
Eukaryota;Chordata;Actinopteri;Scombriformes;Stromateidae;Peprilus;Peprilus burti,Eukaryota;Chordata;Actinopteri;Scombriformes;Stromateidae;Peprilus;Peprilus burti,False,True,Animalia,Chordata,Teleostei,Scombriformes,Stromateidae,Peprilus,Peprilus burti,urn:lsid:marinespecies.org:taxname:276560,Species,Success_Batch_Peprilus burti,WoRMS
Eukaryota;Chordata;Actinopteri;Scombriformes;Stromateidae;Peprilus;Peprilus burti,Eukaryota;Chordata;Actinopteri;Scombriformes;Stromateidae;Peprilus;Peprilus burti,False,False,Animalia,Chordata,Teleostei,Scombriformes,Stromateidae,Peprilus,Peprilus burti,urn:lsid:marinespecies.org:taxname:276560,Species,Success_Batch_Peprilus burti,WoRMS
Eukaryota;Chordata;Actinopteri;Scombriformes;Trichiuridae;Benthodesmus,Eukaryota;Chordata;Actinopteri;Scombriformes;Trichiuridae;Benthodesmus,False,True,Animalia,Chordata,Teleostei,Scombriformes,Trichiuridae,Benthodesmus,Benthodesmus,urn:lsid:marinespecies.org:taxname:126096,Genus,Success_Batch_Benthodesmus,WoRMS
Eukaryota;Chordata;Actinopteri;Scombriformes;Trichiuridae;Benthodesmus;Benthodesmus simonyi,Eukaryota;Chordata;Actinopteri;Scombriformes;Trichiuridae;Benthodesmus;Benthodesmus simonyi,False,True,Animalia,Chordata,Teleostei,Scombriformes,Trichiuridae,Benthodesmus,Benthodesmus simonyi,urn:lsid:marinespecies.org:taxname:127087,Species,Success_Batch_Benthodesmus simonyi,WoRMS
Eukaryota;Chordata;Actinopteri;Scombriformes;Trichiuridae;Lepidopus;Lepidopus altifrons,Eukaryota;Chordata;Actinopteri;Scombriformes;Trichiuridae;Lepidopus;Lepidopus altifrons,False,True,Animalia,Chordata,Teleostei,Scombriformes,Trichiuridae,Lepidopus,Lepidopus altifrons,urn:lsid:marinespecies.org:taxname:159367,Species,Success_Batch_Lepidopus altifrons,WoRMS
Eukaryota;Chordata;Actinopteri;Scombriformes;Trichiuridae;Lepidopus;Lepidopus altifrons,Eukaryota;Chordata;Actinopteri;Scombriformes;Trichiuridae;Lepidopus;Lepidopus altifrons,False,False,Animalia,Chordata,Teleostei,Scombriformes,Trichiuridae,Lepidopus,Lepidopus altifrons,urn:lsid:marinespecies.org:taxname:159367,Species,Success_Batch_Lepidopus altifrons,WoRMS
Eukaryota;Chordata;Actinopteri;Stomiiformes;Gonostomatidae;Bonapartia;Bonapartia pedaliota,Eukaryota;Chordata;Actinopteri;Stomiiformes;Gonostomatidae;Bonapartia;Bonapartia pedaliota,False,True,Animalia,Chordata,Teleostei,Stomiiformes,Gonostomatidae,Bonapartia,Bonapartia,urn:lsid:marinespecies.org:taxname:126186,Genus,Success_Batch_Bonapartia,WoRMS
Eukaryota;Chordata;Actinopteri;Stomiiformes;Gonostomatidae;Sigmops,Eukaryota;Chordata;Actinopteri;Stomiiformes;Gonostomatidae;Sigmops,False,True,Animalia,Chordata,Teleostei,Stomiiformes,Gonostomatidae,Sigmops,Sigmops,urn:lsid:marinespecies.org:taxname:221510,Genus,Success_Batch_Sigmops,WoRMS
Eukaryota;Chordata;Actinopteri;Stomiiformes;Gonostomatidae;Sigmops;Sigmops elongatus,Eukaryota;Chordata;Actinopteri;Stomiiformes;Gonostomatidae;Sigmops;Sigmops elongatus,False,True,Animalia,Chordata,Teleostei,Stomiiformes,Gonostomatidae,Sigmops,Sigmops elongatus,urn:lsid:marinespecies.org:taxname:221512,Species,Success_Batch_Sigmops elongatus,WoRMS
Eukaryota;Chordata;Actinopteri;Stomiiformes;Phosichthyidae;Vinciguerria,Eukaryota;Chordata;Actinopteri;Stomiiformes;Phosichthyidae;Vinciguerria,False,True,Animalia,Chordata,Teleostei,Stomiiformes,Phosichthyidae,Vinciguerria,Vinciguerria,urn:lsid:marinespecies.org:taxname:126194,Genus,Success_Batch_Vinciguerria,WoRMS
Eukaryota;Chordata;Actinopteri;Stomiiformes;Phosichthyidae;Vinciguerria;Vinciguerria nimbaria,Eukaryota;Chordata;Actinopteri;Stomiiformes;Phosichthyidae;Vinciguerria;Vinciguerria nimbaria,False,True,Animalia,Chordata,Teleostei,Stomiiformes,Phosichthyidae,Vinciguerria,Vinciguerria nimbaria,urn:lsid:marinespecies.org:taxname:127303,Species,Success_Batch_Vinciguerria nimbaria,WoRMS
Eukaryota;Chordata;Actinopteri;Stomiiformes;Sternoptychidae;Maurolicus,Eukaryota;Chordata;Actinopteri;Stomiiformes;Sternoptychidae;Maurolicus,False,True,Animalia,Chordata,Teleostei,Stomiiformes,Sternoptychidae,Maurolicus,Maurolicus,urn:lsid:marinespecies.org:taxname:126197,Genus,Success_Batch_Maurolicus,WoRMS
Eukaryota;Chordata;Actinopteri;Stomiiformes;Sternoptychidae;Maurolicus;Maurolicus weitzmani,Eukaryota;Chordata;Actinopteri;Stomiiformes;Sternoptychidae;Maurolicus;Maurolicus weitzmani,False,True,Animalia,Chordata,Teleostei,Stomiiformes,Sternoptychidae,Maurolicus,Maurolicus weitzmani,urn:lsid:marinespecies.org:taxname:158838,Species,Success_Batch_Maurolicus weitzmani,WoRMS
Eukaryota;Chordata;Actinopteri;Stomiiformes;Sternoptychidae;Maurolicus;Maurolicus weitzmani,Eukaryota;Chordata;Actinopteri;Stomiiformes;Sternoptychidae;Maurolicus;Maurolicus weitzmani,False,False,Animalia,Chordata,Teleostei,Stomiiformes,Sternoptychidae,Maurolicus,Maurolicus weitzmani,urn:lsid:marinespecies.org:taxname:158838,Species,Success_Batch_Maurolicus weitzmani,WoRMS
Eukaryota;Chordata;Actinopteri;Stomiiformes;Sternoptychidae;Polyipnus;Polyipnus asteroides,Eukaryota;Chordata;Actinopteri;Stomiiformes;Sternoptychidae;Polyipnus;Polyipnus asteroides,False,True,Animalia,Chordata,Teleostei,Stomiiformes,Sternoptychidae,Polyipnus,Polyipnus asteroides,urn:lsid:marinespecies.org:taxname:158839,Species,Success_Batch_Polyipnus asteroides,WoRMS
Eukaryota;Chordata;Actinopteri;Stomiiformes;Sternoptychidae;Polyipnus;Polyipnus asteroides,Eukaryota;Chordata;Actinopteri;Stomiiformes;Sternoptychidae;Polyipnus;Polyipnus asteroides,False,False,Animalia,Chordata,Teleostei,Stomiiformes,Sternoptychidae,Polyipnus,Polyipnus asteroides,urn:lsid:marinespecies.org:taxname:158839,Species,Success_Batch_Polyipnus asteroides,WoRMS
Eukaryota;Chordata;Actinopteri;Stomiiformes;Sternoptychidae;Valenciennellus;Valenciennellus tripunctulatus,Eukaryota;Chordata;Actinopteri;Stomiiformes;Sternoptychidae;Valenciennellus;Valenciennellus tripunctulatus,False,True,Animalia,Chordata,Teleostei,Stomiiformes,Sternoptychidae,Valenciennellus,Valenciennellus tripunctulatus,urn:lsid:marinespecies.org:taxname:127316,Species,Success_Batch_Valenciennellus tripunctulatus,WoRMS
Eukaryota;Chordata;Actinopteri;Stomiiformes;Sternoptychidae;Valenciennellus;Valenciennellus tripunctulatus,Eukaryota;Chordata;Actinopteri;Stomiiformes;Sternoptychidae;Valenciennellus;Valenciennellus tripunctulatus,False,False,Animalia,Chordata,Teleostei,Stomiiformes,Sternoptychidae,Valenciennellus,Valenciennellus tripunctulatus,urn:lsid:marinespecies.org:taxname:127316,Species,Success_Batch_Valenciennellus tripunctulatus,WoRMS
Eukaryota;Chordata;Actinopteri;Stomiiformes;Stomiidae;Aristostomias;Aristostomias tittmanni,Eukaryota;Chordata;Actinopteri;Stomiiformes;Stomiidae;Aristostomias;Aristostomias tittmanni,False,True,Animalia,Chordata,Teleostei,Stomiiformes,Stomiidae,Aristostomias,Aristostomias tittmanni,urn:lsid:marinespecies.org:taxname:127319,Species,Success_Batch_Aristostomias tittmanni,WoRMS
Eukaryota;Chordata;Actinopteri;Stomiiformes;Stomiidae;Bathophilus,Eukaryota;Chordata;Actinopteri;Stomiiformes;Stomiidae;Bathophilus,False,True,Animalia,Chordata,Teleostei,Stomiiformes,Stomiidae,Bathophilus,Bathophilus,urn:lsid:marinespecies.org:taxname:126203,Genus,Success_Batch_Bathophilus,WoRMS
Eukaryota;Chordata;Actinopteri;Stomiiformes;Stomiidae;Chauliodus;Chauliodus sloani,Eukaryota;Chordata;Actinopteri;Stomiiformes;Stomiidae;Chauliodus;Chauliodus sloani,False,True,Animalia,Chordata,Teleostei,Stomiiformes,Stomiidae,Chauliodus,Chauliodus sloani,urn:lsid:marinespecies.org:taxname:127338,Species,Success_Batch_Chauliodus sloani,WoRMS
Eukaryota;Chordata;Actinopteri;Stomiiformes;Stomiidae;Heterophotus;Heterophotus ophistoma,Eukaryota;Chordata;Actinopteri;Stomiiformes;Stomiidae;Heterophotus;Heterophotus ophistoma,False,True,Animalia,Chordata,Teleostei,Stomiiformes,Stomiidae,Heterophotus,Heterophotus ophistoma,urn:lsid:marinespecies.org:taxname:158733,Species,Success_Batch_Heterophotus ophistoma,WoRMS
Eukaryota;Chordata;Actinopteri;Syngnathiformes;Callionymidae;Synchiropus;Synchiropus goodenbeani,Eukaryota;Chordata;Actinopteri;Syngnathiformes;Callionymidae;Synchiropus;Synchiropus goodenbeani,False,True,Animalia,Chordata,Teleostei,Callionymiformes,Callionymidae,Synchiropus,Synchiropus goodenbeani,urn:lsid:marinespecies.org:taxname:712846,Species,Success_Batch_Synchiropus goodenbeani,WoRMS
Eukaryota;Chordata;Actinopteri;Syngnathiformes;Callionymidae;Synchiropus;Synchiropus goodenbeani,Eukaryota;Chordata;Actinopteri;Syngnathiformes;Callionymidae;Synchiropus;Synchiropus goodenbeani,False,False,Animalia,Chordata,Teleostei,Callionymiformes,Callionymidae,Synchiropus,Synchiropus goodenbeani,urn:lsid:marinespecies.org:taxname:712846,Species,Success_Batch_Synchiropus goodenbeani,WoRMS
Eukaryota;Chordata;Actinopteri;Syngnathiformes;Centriscidae;Macroramphosus,Eukaryota;Chordata;Actinopteri;Syngnathiformes;Centriscidae;Macroramphosus,False,True,Animalia,Chordata,Teleostei,Syngnathiformes,Centriscidae,Macroramphosus,Macroramphosus,urn:lsid:marinespecies.org:taxname:126222,Genus,Success_Batch_Macroramphosus,WoRMS
Eukaryota;Chordata;Actinopteri;Syngnathiformes;Syngnathidae;Bryx;Bryx dunckeri,Eukaryota;Chordata;Actinopteri;Syngnathiformes;Syngnathidae;Bryx;Bryx dunckeri,False,True,Animalia,Chordata,Teleostei,Syngnathiformes,Syngnathidae,Bryx,Bryx dunckeri,urn:lsid:marinespecies.org:taxname:159444,Species,Success_Batch_Bryx dunckeri,WoRMS
Eukaryota;Chordata;Actinopteri;Tetraodontiformes;Balistidae;Balistes;Balistes capriscus,Eukaryota;Chordata;Actinopteri;Tetraodontiformes;Balistidae;Balistes;Balistes capriscus,False,True,Animalia,Chordata,Teleostei,Tetraodontiformes,Balistidae,Balistes,Balistes capriscus,urn:lsid:marinespecies.org:taxname:154721,Species,Success_Batch_Balistes capriscus,WoRMS
Eukaryota;Chordata;Actinopteri;Tetraodontiformes;Diodontidae;Chilomycterus;Chilomycterus schoepfii,Eukaryota;Chordata;Actinopteri;Tetraodontiformes;Diodontidae;Chilomycterus;Chilomycterus schoepfii,False,True,Animalia,Chordata,Teleostei,Tetraodontiformes,Diodontidae,Chilomycterus,Chilomycterus schoepfii,urn:lsid:marinespecies.org:taxname:159488,Species,Success_Batch_Chilomycterus schoepfii,WoRMS
Eukaryota;Chordata;Actinopteri;Tetraodontiformes;Molidae;Masturus;Masturus lanceolatus,Eukaryota;Chordata;Actinopteri;Tetraodontiformes;Molidae;Masturus;Masturus lanceolatus,False,True,Animalia,Chordata,Teleostei,Tetraodontiformes,Molidae,Masturus,Masturus lanceolatus,urn:lsid:marinespecies.org:taxname:127404,Species,Success_Batch_Masturus lanceolatus,WoRMS
Eukaryota;Chordata;Actinopteri;Tetraodontiformes;Tetraodontidae;Canthigaster,Eukaryota;Chordata;Actinopteri;Tetraodontiformes;Tetraodontidae;Canthigaster,False,True,Animalia,Chordata,Teleostei,Tetraodontiformes,Tetraodontidae,Canthigaster,Canthigaster,urn:lsid:marinespecies.org:taxname:126238,Genus,Success_Batch_Canthigaster,WoRMS
Eukaryota;Chordata;Actinopteri;Tetraodontiformes;Tetraodontidae;Canthigaster;Canthigaster rostrata,Eukaryota;Chordata;Actinopteri;Tetraodontiformes;Tetraodontidae;Canthigaster;Canthigaster rostrata,False,True,Animalia,Chordata,Teleostei,Tetraodontiformes,Tetraodontidae,Canthigaster,Canthigaster rostrata,urn:lsid:marinespecies.org:taxname:127411,Species,Success_Batch_Canthigaster rostrata,WoRMS
Eukaryota;Chordata;Actinopteri;Tetraodontiformes;Tetraodontidae;Lagocephalus;Lagocephalus laevigatus,Eukaryota;Chordata;Actinopteri;Tetraodontiformes;Tetraodontidae;Lagocephalus;Lagocephalus laevigatus,False,True,Animalia,Chordata,Teleostei,Tetraodontiformes,Tetraodontidae,Lagocephalus,Lagocephalus laevigatus,urn:lsid:marinespecies.org:taxname:158933,Species,Success_Batch_Lagocephalus laevigatus,WoRMS
Eukaryota;Chordata;Actinopteri;Tetraodontiformes;Tetraodontidae;Lagocephalus;Lagocephalus laevigatus,Eukaryota;Chordata;Actinopteri;Tetraodontiformes;Tetraodontidae;Lagocephalus;Lagocephalus laevigatus,False,False,Animalia,Chordata,Teleostei,Tetraodontiformes,Tetraodontidae,Lagocephalus,Lagocephalus laevigatus,urn:lsid:marinespecies.org:taxname:158933,Species,Success_Batch_Lagocephalus laevigatus,WoRMS
Eukaryota;Chordata;Actinopteri;Tetraodontiformes;Tetraodontidae;Sphoeroides;Sphoeroides dorsalis,Eukaryota;Chordata;Actinopteri;Tetraodontiformes;Tetraodontidae;Sphoeroides;Sphoeroides dorsalis,False,True,Animalia,Chordata,Teleostei,Tetraodontiformes,Tetraodontidae,Sphoeroides,Sphoeroides dorsalis,urn:lsid:marinespecies.org:taxname:275274,Species,Success_Batch_Sphoeroides dorsalis,WoRMS
Eukaryota;Chordata;Actinopteri;Tetraodontiformes;Tetraodontidae;Sphoeroides;Sphoeroides dorsalis,Eukaryota;Chordata;Actinopteri;Tetraodontiformes;Tetraodontidae;Sphoeroides;Sphoeroides dorsalis,False,False,Animalia,Chordata,Teleostei,Tetraodontiformes,Tetraodontidae,Sphoeroides,Sphoeroides dorsalis,urn:lsid:marinespecies.org:taxname:275274,Species,Success_Batch_Sphoeroides dorsalis,WoRMS
Eukaryota;Chordata;Mammalia;Artiodactyla;Delphinidae;Steno;Steno bredanensis,Eukaryota;Chordata;Mammalia;Artiodactyla;Delphinidae;Steno;Steno bredanensis,False,True,Animalia,Chordata,Mammalia,Cetartiodactyla,Delphinidae,Steno,Steno bredanensis,urn:lsid:marinespecies.org:taxname:137110,Species,Success_Batch_Steno bredanensis,WoRMS
Eukaryota;Chordata;Mammalia;Artiodactyla;Delphinidae;Tursiops;Tursiops truncatus,Eukaryota;Chordata;Mammalia;Artiodactyla;Delphinidae;Tursiops;Tursiops truncatus,False,True,Animalia,Chordata,Mammalia,Cetartiodactyla,Delphinidae,Tursiops,Tursiops truncatus,urn:lsid:marinespecies.org:taxname:137111,Species,Success_Batch_Tursiops truncatus,WoRMS
