# requirement_level_code	M	M	M	M	R	R	R	R	O	O	R	R	R	R	R	R					
# section	PCR	PCR	Library preparation sequencing	Library preparation sequencing	Library preparation sequencing	Library preparation sequencing	Library preparation sequencing	Library preparation sequencing	Library preparation sequencing	Library preparation sequencing	Library preparation sequencing	Library preparation sequencing	Library preparation sequencing	Library preparation sequencing	Library preparation sequencing	Bioinformatics					
samp_name	assay_name	pcr_plate_id	lib_id	seq_run_id	lib_conc	lib_conc_unit	lib_conc_meth	phix_perc	mid_forward	mid_reverse	filename	filename2	checksum_filename	checksum_filename2	associatedSequences	input_read_count					
EX2107_D01_01W	Eukarya-18S-V4-Stoeck-Piredda		18S-EX2107D1-01_S1_L001	OKEX2107part-OKEX2205part_ROV-D2							18S-EX2107D1-01_S1_L001_R1_001.fastq.gz	18S-EX2107D1-01_S1_L001_R2_001.fastq.gz	ed08d22bcf9d76327f2d60c85f93c454	ca881cff4725a51451c9689e6dbe14f2		100215					
EX2107_D01_02W	Eukarya-18S-V4-Stoeck-Piredda		18S-EX2107D1-02_S2_L001	OKEX2107part-OKEX2205part_ROV-D2							18S-EX2107D1-02_S2_L001_R1_001.fastq.gz	18S-EX2107D1-02_S2_L001_R2_001.fastq.gz	5d5f0fc74288f5048b3111709791dcd3	8cdaaa859f687616c1cdbc6f940064e8		12621					
EX2107_D01_06W	Eukarya-18S-V4-Stoeck-Piredda		18S-EX2107D1-06_S3_L001	OKEX2107part-OKEX2205part_ROV-D2							18S-EX2107D1-06_S3_L001_R1_001.fastq.gz	18S-EX2107D1-06_S3_L001_R2_001.fastq.gz	7aea11d84cd0988207fc9c550139f41b	b540dc64df1e353b2bf676e7b1900072		114232					
EX2107_D01_11W	Eukarya-18S-V4-Stoeck-Piredda		18S-EX2107D1-11_S4_L001	OKEX2107part-OKEX2205part_ROV-D2							18S-EX2107D1-11_S4_L001_R1_001.fastq.gz	18S-EX2107D1-11_S4_L001_R2_001.fastq.gz	783cfda8597da36f7bfa9518da4cd359	817b17bb4f0adc7df62f36c64a553db3		95764					
EX2107_D01_13W	Eukarya-18S-V4-Stoeck-Piredda		18S-EX2107D1-13_S5_L001	OKEX2107part-OKEX2205part_ROV-D2							18S-EX2107D1-13_S5_L001_R1_001.fastq.gz	18S-EX2107D1-13_S5_L001_R2_001.fastq.gz	84289f6e3b8459ef06e08534f0f4ea40	69c8c90d12efd89745384a140c2c7ae7		37748					
EX2107_D01_BLW	Eukarya-18S-V4-Stoeck-Piredda		18S-EX2107D1-BLANK_S6_L001	OKEX2107part-OKEX2205part_ROV-D2							18S-EX2107D1-BLANK_S6_L001_R1_001.fastq.gz	18S-EX2107D1-BLANK_S6_L001_R2_001.fastq.gz	d9cd9cb87b2518d5946d0c8572fd70ce	a5a7bfb94768c473d094698ac493a5a3		32817					
EX2107_D03_01W	Eukarya-18S-V4-Stoeck-Piredda		18S-EX2107D3-01_S7_L001	OKEX2107part-OKEX2205part_ROV-D2							18S-EX2107D3-01_S7_L001_R1_001.fastq.gz	18S-EX2107D3-01_S7_L001_R2_001.fastq.gz	845eccca67c70686e4d51242f176e308	931eb49711f7cad8bba6284c5442c13a		110661					
EX2107_D03_02W	Eukarya-18S-V4-Stoeck-Piredda		18S-EX2107D3-02_S8_L001	OKEX2107part-OKEX2205part_ROV-D2							18S-EX2107D3-02_S8_L001_R1_001.fastq.gz	18S-EX2107D3-02_S8_L001_R2_001.fastq.gz	c9d93e69bd30155e5a16e08a4fcf2684	1dea3964e3f59ee75c4dd0d03dded01e		24977					
EX2107_D03_03W	Eukarya-18S-V4-Stoeck-Piredda		18S-EX2107D3-03_S9_L001	OKEX2107part-OKEX2205part_ROV-D2							18S-EX2107D3-03_S9_L001_R1_001.fastq.gz	18S-EX2107D3-03_S9_L001_R2_001.fastq.gz	13e42b2e1a04d6814b376fd9e53d2097	a64b6996ff2754ac08b095b4de18a1a3		51374					
EX2107_D03_06W	Eukarya-18S-V4-Stoeck-Piredda		18S-EX2107D3-06_S10_L001	OKEX2107part-OKEX2205part_ROV-D2							18S-EX2107D3-06_S10_L001_R1_001.fastq.gz	18S-EX2107D3-06_S10_L001_R2_001.fastq.gz	31c334d764078a8f351c0dd662030b70	d7b7a3837d3ec2606b527e53e6f2c3be		45823					
EX2107_D03_BLW	Eukarya-18S-V4-Stoeck-Piredda		18S-EX2107D3-BLANK_S11_L001	OKEX2107part-OKEX2205part_ROV-D2							18S-EX2107D3-BLANK_S11_L001_R1_001.fastq.gz	18S-EX2107D3-BLANK_S11_L001_R2_001.fastq.gz	1a45dcff26a5bc30379e34c97d9cef97	0f795e5f88310bb4d6f0ae87764f9c61		28					
EX2107_D04_01W	Eukarya-18S-V4-Stoeck-Piredda		18S-EX2107D4-01_S12_L001	OKEX2107part-OKEX2205part_ROV-D2							18S-EX2107D4-01_S12_L001_R1_001.fastq.gz	18S-EX2107D4-01_S12_L001_R2_001.fastq.gz	d902a9466df581e8cdfb763e45315765	db9936aed407d8ac7b06fd7078e50f1c		27263					
EX2107_D04_BLW	Eukarya-18S-V4-Stoeck-Piredda		18S-EX2107D4-BLANK_S13_L001	OKEX2107part-OKEX2205part_ROV-D2							18S-EX2107D4-BLANK_S13_L001_R1_001.fastq.gz	18S-EX2107D4-BLANK_S13_L001_R2_001.fastq.gz	0a2d4ad4f6302b6b8dd8d8d99287e6a5	f08a7e46ebe5a1bd98a1f5ac281878f0		1529					
EX2107_D05_01W	Eukarya-18S-V4-Stoeck-Piredda		18S-EX2107D5-01_S14_L001	OKEX2107part-OKEX2205part_ROV-D2							18S-EX2107D5-01_S14_L001_R1_001.fastq.gz	18S-EX2107D5-01_S14_L001_R2_001.fastq.gz	207ebe0286b0b40c77a62f65683d7fae	6cc5f2c5df8615cedb1aef7b2e2fe2dd		98636					
EX2107_D05_02W	Eukarya-18S-V4-Stoeck-Piredda		18S-EX2107D5-02_S15_L001	OKEX2107part-OKEX2205part_ROV-D2							18S-EX2107D5-02_S15_L001_R1_001.fastq.gz	18S-EX2107D5-02_S15_L001_R2_001.fastq.gz	66ba61db57b856b7526edb3b941e9391	fcf24badc60597f15162275277bcbfee		89916					
EX2107_D05_07W	Eukarya-18S-V4-Stoeck-Piredda		18S-EX2107D5-07_S16_L001	OKEX2107part-OKEX2205part_ROV-D2							18S-EX2107D5-07_S16_L001_R1_001.fastq.gz	18S-EX2107D5-07_S16_L001_R2_001.fastq.gz	82d34c169f3fefbc5a0889ec08afaeb0	c13f4aadd87d6c86aa96ae83e54942f3		131616					
EX2107_D05_09W	Eukarya-18S-V4-Stoeck-Piredda		18S-EX2107D5-09_S17_L001	OKEX2107part-OKEX2205part_ROV-D2							18S-EX2107D5-09_S17_L001_R1_001.fastq.gz	18S-EX2107D5-09_S17_L001_R2_001.fastq.gz	a22af96fbacbf9255441acdc1593150c	db03f3bd4f2c801236772f92234b2cbb		110742					
EX2107_D05_10W	Eukarya-18S-V4-Stoeck-Piredda		18S-EX2107D5-10_S18_L001	OKEX2107part-OKEX2205part_ROV-D2							18S-EX2107D5-10_S18_L001_R1_001.fastq.gz	18S-EX2107D5-10_S18_L001_R2_001.fastq.gz	b7785b1736f019be57193de1988347f6	93bb5d80567bb87bbf4410c3175aed87		104373					
EX2107_D05_BLW	Eukarya-18S-V4-Stoeck-Piredda		18S-EX2107D5-BLANK_S19_L001	OKEX2107part-OKEX2205part_ROV-D2							18S-EX2107D5-BLANK_S19_L001_R1_001.fastq.gz	18S-EX2107D5-BLANK_S19_L001_R2_001.fastq.gz	73f278baae6b7f41d96ee10f35e653fb	c58bb0df133dedbcf017a1f0eee6e2ef		105500					
EX2107_D06_01W	Eukarya-18S-V4-Stoeck-Piredda		18S-EX2107D6-01_S20_L001	OKEX2107part-OKEX2205part_ROV-D2							18S-EX2107D6-01_S20_L001_R1_001.fastq.gz	18S-EX2107D6-01_S20_L001_R2_001.fastq.gz	8b98395b4721f1d5384dabdbb42a7653	6291424884013c1b66109429cf1353d5		93580					
EX2107_D06_02W	Eukarya-18S-V4-Stoeck-Piredda		18S-EX2107D6-02_S21_L001	OKEX2107part-OKEX2205part_ROV-D2							18S-EX2107D6-02_S21_L001_R1_001.fastq.gz	18S-EX2107D6-02_S21_L001_R2_001.fastq.gz	e3d66aa2d3b33f92fffb0de410b4e71d	7b3bb55a03581099136a41978bb32db0		75753					
EX2107_D06_05W	Eukarya-18S-V4-Stoeck-Piredda		18S-EX2107D6-05_S22_L001	OKEX2107part-OKEX2205part_ROV-D2							18S-EX2107D6-05_S22_L001_R1_001.fastq.gz	18S-EX2107D6-05_S22_L001_R2_001.fastq.gz	8e1403de29b4461f4de6cd121c363459	56ebf18b0fd2715e2f5fa2a63ecf9001		88957					
EX2107_D06_07W	Eukarya-18S-V4-Stoeck-Piredda		18S-EX2107D6-07_S23_L001	OKEX2107part-OKEX2205part_ROV-D2							18S-EX2107D6-07_S23_L001_R1_001.fastq.gz	18S-EX2107D6-07_S23_L001_R2_001.fastq.gz	2cefaa004b045274b68035daa9739043	df2c6944830aa9464158a2e4d93c8e3f		48723					
EX2107_D06_08W	Eukarya-18S-V4-Stoeck-Piredda		18S-EX2107D6-08_S24_L001	OKEX2107part-OKEX2205part_ROV-D2							18S-EX2107D6-08_S24_L001_R1_001.fastq.gz	18S-EX2107D6-08_S24_L001_R2_001.fastq.gz	957dbd54d89b01a513853a37e5f0c899	253dcd0da248c85f5916720901a11860		61728					
EX2107_D06_BLW	Eukarya-18S-V4-Stoeck-Piredda		18S-EX2107D6-BLANK_S25_L001	OKEX2107part-OKEX2205part_ROV-D2							18S-EX2107D6-BLANK_S25_L001_R1_001.fastq.gz	18S-EX2107D6-BLANK_S25_L001_R2_001.fastq.gz	cfb7acf27d6df30d11b0f3c17bad3f4b	c98ac8aea97043650bdff8c7fb10416f		135060					
EX2107_D07_01W	Eukarya-18S-V4-Stoeck-Piredda		18S-EX2107D7-01_S26_L001	OKEX2107part-OKEX2205part_ROV-D2							18S-EX2107D7-01_S26_L001_R1_001.fastq.gz	18S-EX2107D7-01_S26_L001_R2_001.fastq.gz	22a432fabd70fe5f535ea6daaf285305	559fafff73af67259b73760cd1625318		155039					
EX2107_D07_02W	Eukarya-18S-V4-Stoeck-Piredda		18S-EX2107D7-02_S27_L001	OKEX2107part-OKEX2205part_ROV-D2							18S-EX2107D7-02_S27_L001_R1_001.fastq.gz	18S-EX2107D7-02_S27_L001_R2_001.fastq.gz	183ec80b4539ed2b53cb62bbf357f1e9	458e33f18ab175c458d1b5d6c8985a57		127586					
EX2107_D07_03W	Eukarya-18S-V4-Stoeck-Piredda		18S-EX2107D7-03_S28_L001	OKEX2107part-OKEX2205part_ROV-D2							18S-EX2107D7-03_S28_L001_R1_001.fastq.gz	18S-EX2107D7-03_S28_L001_R2_001.fastq.gz	84407dffbfe7bd45a4607df02750a682	f25fbd7c9fc111f22743b34a726fb7cd		163121					
EX2107_D07_04W	Eukarya-18S-V4-Stoeck-Piredda		18S-EX2107D7-04_S29_L001	OKEX2107part-OKEX2205part_ROV-D2							18S-EX2107D7-04_S29_L001_R1_001.fastq.gz	18S-EX2107D7-04_S29_L001_R2_001.fastq.gz	2eb293ade8a9e6bed4f364b263ee9150	922a0128dab13d9c1c9224bf7bad6b7b		178500					
EX2107_D07_05W	Eukarya-18S-V4-Stoeck-Piredda		18S-EX2107D7-05_S30_L001	OKEX2107part-OKEX2205part_ROV-D2							18S-EX2107D7-05_S30_L001_R1_001.fastq.gz	18S-EX2107D7-05_S30_L001_R2_001.fastq.gz	131be1a2bf6fdc723c39c8ec589fc467	1879012fb48f998a43721cab56a82a31		95058					
EX2107_D07_BLW	Eukarya-18S-V4-Stoeck-Piredda		18S-EX2107D7-BLANK_S41_L001	OKEX2107part-OKEX2205part_ROV-D2							18S-EX2107D7-BLANK_S41_L001_R1_001.fastq.gz	18S-EX2107D7-BLANK_S41_L001_R2_001.fastq.gz	da9ba59eb84703aacbf13771caaac51c	32888860df792e544cd323785ce47a9d		83111					
EX2107_D08_01W	Eukarya-18S-V4-Stoeck-Piredda		18S-EX2107D8-01_S42_L001	OKEX2107part-OKEX2205part_ROV-D2							18S-EX2107D8-01_S42_L001_R1_001.fastq.gz	18S-EX2107D8-01_S42_L001_R2_001.fastq.gz	455318a15790e72eb96dd1a09ab5a635	456dbbd03793718931684c84fd088574		166368					
EX2107_D08_02W	Eukarya-18S-V4-Stoeck-Piredda		18S-EX2107D8-02_S43_L001	OKEX2107part-OKEX2205part_ROV-D2							18S-EX2107D8-02_S43_L001_R1_001.fastq.gz	18S-EX2107D8-02_S43_L001_R2_001.fastq.gz	fb4a3a3c3dd61f87f9aae0f519541e53	316bb4022bd787850754f42572dee6cc		269850					
EX2107_D08_05W	Eukarya-18S-V4-Stoeck-Piredda		18S-EX2107D8-05_S44_L001	OKEX2107part-OKEX2205part_ROV-D2							18S-EX2107D8-05_S44_L001_R1_001.fastq.gz	18S-EX2107D8-05_S44_L001_R2_001.fastq.gz	18d9ebbd1517acf5a5c9432839dd5b75	67df8ca6152484ec8b17d653c081e2ff		180760					
EX2107_D08_09W	Eukarya-18S-V4-Stoeck-Piredda		18S-EX2107D8-09_S45_L001	OKEX2107part-OKEX2205part_ROV-D2							18S-EX2107D8-09_S45_L001_R1_001.fastq.gz	18S-EX2107D8-09_S45_L001_R2_001.fastq.gz	f45692b37668d9bfeb2c447bd2639aa9	a6d0c586a513e72630bac41de3d6b658		225174					
EX2107_D08_10W	Eukarya-18S-V4-Stoeck-Piredda		18S-EX2107D8-10_S46_L001	OKEX2107part-OKEX2205part_ROV-D2							18S-EX2107D8-10_S46_L001_R1_001.fastq.gz	18S-EX2107D8-10_S46_L001_R2_001.fastq.gz	59caba6df966fe39bb5ccacb0c1b9d8f	74041f5e7f7231a91294f97cd57a53c0		171289					
EX2107_D08_BLW	Eukarya-18S-V4-Stoeck-Piredda		EX2107_D08_Blank_18S_S250	OKEX2107part							EX2107_D08_Blank_18S_S250_R1_001.fastq.gz	EX2107_D08_Blank_18S_S250_R2_001.fastq.gz	c3c75ac086a550f474da31f651a72d33	5ca1ad0d0d9ddcc26e36ed7819c21297		174287					
EX2107_D09_01W	Eukarya-18S-V4-Stoeck-Piredda		EX2107_D09_01_18S_S251	OKEX2107part							EX2107_D09_01_18S_S251_R1_001.fastq.gz	EX2107_D09_01_18S_S251_R2_001.fastq.gz	df0d8d233e33aebafd88453ccc653eb2	2e074032d637d86c0623fad6b26f50a1		252257					
EX2107_D09_02W	Eukarya-18S-V4-Stoeck-Piredda		EX2107_D09_02_18S_S252	OKEX2107part							EX2107_D09_02_18S_S252_R1_001.fastq.gz	EX2107_D09_02_18S_S252_R2_001.fastq.gz	43ee36a55489a24b4b0d7ecacf2f9c39	469973b29681e41ec0b770432b2cdd8c		268680					
EX2107_D09_04W	Eukarya-18S-V4-Stoeck-Piredda		EX2107_D09_03_18S_S253	OKEX2107part							EX2107_D09_03_18S_S253_R1_001.fastq.gz	EX2107_D09_03_18S_S253_R2_001.fastq.gz	fb487c618826a777f66953bb559ff006	7fb69ff68e2833d8339dff1adbbf090e		371437					
EX2107_D09_05W	Eukarya-18S-V4-Stoeck-Piredda		EX2107_D09_04_18S_S254	OKEX2107part							EX2107_D09_04_18S_S254_R1_001.fastq.gz	EX2107_D09_04_18S_S254_R2_001.fastq.gz	fb2db247dc7ddef72ac9489f722530b0	489c5e57543ba81d86ac0a57ae4c202e		64370					
EX2107_D09_07W	Eukarya-18S-V4-Stoeck-Piredda		EX2107_D09_05_18S_S255	OKEX2107part							EX2107_D09_05_18S_S255_R1_001.fastq.gz	EX2107_D09_05_18S_S255_R2_001.fastq.gz	93780a1a459de28c524a9ea81d22819a	1c9c0a0f2f50a78dde97ca8fc663f85d		16137					
EX2107_D09_BLW	Eukarya-18S-V4-Stoeck-Piredda		EX2107_D09_Blank_18S_S256	OKEX2107part							EX2107_D09_Blank_18S_S256_R1_001.fastq.gz	EX2107_D09_Blank_18S_S256_R2_001.fastq.gz	ec369b0127f5e0dad4364f153718b88b	8e05362b8826e245efc000c551cf510e		109624					
EX2107_D10_01W	Eukarya-18S-V4-Stoeck-Piredda		EX2107_D10_01_18S_S257	OKEX2107part							EX2107_D10_01_18S_S257_R1_001.fastq.gz	EX2107_D10_01_18S_S257_R2_001.fastq.gz	7daccee8d73928c910a07eb9a693969c	89488f46e6807ea199e14be818d7282a		14871					
EX2107_D10_02W	Eukarya-18S-V4-Stoeck-Piredda		EX2107_D10_02_18S_S258	OKEX2107part							EX2107_D10_02_18S_S258_R1_001.fastq.gz	EX2107_D10_02_18S_S258_R2_001.fastq.gz	348fae7bc6a13b22e7f015c01b2e4b47	d2e6ea58ed08ce4dda6e22d8823537fe		98509					
EX2107_D10_04W	Eukarya-18S-V4-Stoeck-Piredda		EX2107_D10_03_18S_S259	OKEX2107part							EX2107_D10_03_18S_S259_R1_001.fastq.gz	EX2107_D10_03_18S_S259_R2_001.fastq.gz	c7f3d48d68902c02f22a12c0f05b923d	cb2f6958e57975ca67a6c30b4078ee19		34955					
EX2107_D10_08W	Eukarya-18S-V4-Stoeck-Piredda		EX2107_D10_04_18S_S260	OKEX2107part							EX2107_D10_04_18S_S260_R1_001.fastq.gz	EX2107_D10_04_18S_S260_R2_001.fastq.gz	d280752186766a5ab89a0b7a28c9f5bb	3b8c6c0823d05ba50e1472332a026f8c		56617					
EX2107_D10_10W	Eukarya-18S-V4-Stoeck-Piredda		EX2107_D10_05_18S_S261	OKEX2107part							EX2107_D10_05_18S_S261_R1_001.fastq.gz	EX2107_D10_05_18S_S261_R2_001.fastq.gz	c43a51d540b2306481536c2354768564	913a58f63323e5d190981e835114002a		13269					
EX2107_D10_BLW	Eukarya-18S-V4-Stoeck-Piredda		EX2107_D10_Blank_18S_S262	OKEX2107part							EX2107_D10_Blank_18S_S262_R1_001.fastq.gz	EX2107_D10_Blank_18S_S262_R2_001.fastq.gz	a5b2c128b457323a5fc21eca055005fe	ae08240fdabd95cbf3cd2dca9fce9b38		797					
EX2107_D11_01W_A	Eukarya-18S-V4-Stoeck-Piredda		EX2107_D11_01a_18S_S263	OKEX2107part							EX2107_D11_01a_18S_S263_R1_001.fastq.gz	EX2107_D11_01a_18S_S263_R2_001.fastq.gz	68041ea64422409475d25e508a2bf84d	274d71446caf69452753eeae5023604d		41508					
EX2107_D11_01W_B	Eukarya-18S-V4-Stoeck-Piredda		EX2107_D11_01b_18S_S300	OKEX2107part							EX2107_D11_01b_18S_S300_R1_001.fastq.gz	EX2107_D11_01b_18S_S300_R2_001.fastq.gz	bb388a4811040780aaa2fc15e0b252e3	b972bef94cfcb5a9248af18ac800b8bb		29822					
EX2107_D11_02W_A	Eukarya-18S-V4-Stoeck-Piredda		EX2107_D11_02a_18S_S264	OKEX2107part							EX2107_D11_02a_18S_S264_R1_001.fastq.gz	EX2107_D11_02a_18S_S264_R2_001.fastq.gz	f8a8abfca942f7a1543422500c1fb1f9	3732cc1b98c4934672e903b002f223d9		172987					
EX2107_D11_02W_B	Eukarya-18S-V4-Stoeck-Piredda		EX2107_D11_02b_18S_S301	OKEX2107part							EX2107_D11_02b_18S_S301_R1_001.fastq.gz	EX2107_D11_02b_18S_S301_R2_001.fastq.gz	e859c119522e96d43de697a3a8a5dab6	d6474513729715efd633998e187df400		66493					
EX2107_D11_05W_A	Eukarya-18S-V4-Stoeck-Piredda		EX2107_D11_03a_18S_S265	OKEX2107part							EX2107_D11_03a_18S_S265_R1_001.fastq.gz	EX2107_D11_03a_18S_S265_R2_001.fastq.gz	d0acdb50922310dd9ca592ddbe331a69	90e25c306164aee7be955741c64e0bac		76037					
EX2107_D11_05W_B	Eukarya-18S-V4-Stoeck-Piredda		EX2107_D11_03b_18S_S302	OKEX2107part							EX2107_D11_03b_18S_S302_R1_001.fastq.gz	EX2107_D11_03b_18S_S302_R2_001.fastq.gz	314fc0169317fe9086f82b92168ce2b3	1c346d58f54a7729aa8fc4b7e7b6a41f		113833					
EX2107_D11_10W	Eukarya-18S-V4-Stoeck-Piredda		EX2107_D11_04_18S_S266	OKEX2107part							EX2107_D11_04_18S_S266_R1_001.fastq.gz	EX2107_D11_04_18S_S266_R2_001.fastq.gz	838d979cfceca544e48c1a073e59090d	cc5a14d7c39ec51b8efc6733e82a7057		249634					
EX2107_D11_14W	Eukarya-18S-V4-Stoeck-Piredda		EX2107_D11_05_18S_S267	OKEX2107part							EX2107_D11_05_18S_S267_R1_001.fastq.gz	EX2107_D11_05_18S_S267_R2_001.fastq.gz	f09c99eea8990fd39db57ac886f81681	cab3cf40f7eefe173e21caa702591965		55727					
EX2107_D11_BLW	Eukarya-18S-V4-Stoeck-Piredda		EX2107_D11_Blank_18S_S268	OKEX2107part							EX2107_D11_Blank_18S_S268_R1_001.fastq.gz	EX2107_D11_Blank_18S_S268_R2_001.fastq.gz	baebb4ac9a189707101adad1e2c38d1d	77300de185e287bc9b9a67b02a24f727		197272					
EX2107_D12_01W	Eukarya-18S-V4-Stoeck-Piredda		EX2107_D12_01_18S_S269	OKEX2107part							EX2107_D12_01_18S_S269_R1_001.fastq.gz	EX2107_D12_01_18S_S269_R2_001.fastq.gz	580ae0cb9dcf04d5c15f9d27ffde8466	ea9ddd8f2e0e8d578c0b90313b86f480		245482					
EX2107_D12_02W	Eukarya-18S-V4-Stoeck-Piredda		EX2107_D12_02_18S_S270	OKEX2107part							EX2107_D12_02_18S_S270_R1_001.fastq.gz	EX2107_D12_02_18S_S270_R2_001.fastq.gz	3d1e9cb659eede1b5e073cea3a5a9491	29bc6c25edac9208230cbfc7edd4d66f		468401					
EX2107_D12_03W	Eukarya-18S-V4-Stoeck-Piredda		EX2107_D12_03_18S_S271	OKEX2107part							EX2107_D12_03_18S_S271_R1_001.fastq.gz	EX2107_D12_03_18S_S271_R2_001.fastq.gz	f4a8ea15c2208dbd13a90ae3372290c4	ca8f076e264ac777cb78adf56cf4e1e0		262898					
EX2107_D12_04W	Eukarya-18S-V4-Stoeck-Piredda		EX2107_D12_04_18S_S272	OKEX2107part							EX2107_D12_04_18S_S272_R1_001.fastq.gz	EX2107_D12_04_18S_S272_R2_001.fastq.gz	8799dc3ce40b89c7d4b0767b2ddcf90b	12eceae48fb2a83b683119994a6da52b		55683					
EX2107_D12_05W	Eukarya-18S-V4-Stoeck-Piredda		EX2107_12_05_18S_S280	OKEX2107part							EX2107_12_05_18S_S280_R1_001.fastq.gz	EX2107_12_05_18S_S280_R2_001.fastq.gz	f3a1c7db0a816c50b5986cccf4ab0ea1	5f43adbf30edb6f5de278fde96ff75c8		77505					
EX2107_D12_BLW	Eukarya-18S-V4-Stoeck-Piredda		EX2107_D12_Blank_18S_S298	OKEX2107part							EX2107_D12_Blank_18S_S298_R1_001.fastq.gz	EX2107_D12_Blank_18S_S298_R2_001.fastq.gz	febef808ae5397ea4ee7ee40e5fd39e0	febef808ae5397ea4ee7ee40e5fd39e0		0					
EX2107_D13_01W	Eukarya-18S-V4-Stoeck-Piredda		EX2107_D13_01_18S_S281	OKEX2107part							EX2107_D13_01_18S_S281_R1_001.fastq.gz	EX2107_D13_01_18S_S281_R2_001.fastq.gz	00deb0a41e20af3cdf6a9d28333e2429	79aa76b7e81c2a03b227445c473f7d4a		147429					
EX2107_D13_02W	Eukarya-18S-V4-Stoeck-Piredda		EX2107_D13_02_18S_S282	OKEX2107part							EX2107_D13_02_18S_S282_R1_001.fastq.gz	EX2107_D13_02_18S_S282_R2_001.fastq.gz	febef808ae5397ea4ee7ee40e5fd39e0	febef808ae5397ea4ee7ee40e5fd39e0		0					
EX2107_D13_BLW_A	Eukarya-18S-V4-Stoeck-Piredda		EX2107_D13_Blank_A_18S_S283	OKEX2107part							EX2107_D13_Blank_A_18S_S283_R1_001.fastq.gz	EX2107_D13_Blank_A_18S_S283_R2_001.fastq.gz	cf234e9536d03564b8d45754fad6b0a1	38dfc722deed299246d316be5f7e0b7b		107040					
EX2107_D13_BLW_B	Eukarya-18S-V4-Stoeck-Piredda		EX2107_D13_Blank_B_18S_S299	OKEX2107part							EX2107_D13_Blank_B_18S_S299_R1_001.fastq.gz	EX2107_D13_Blank_B_18S_S299_R2_001.fastq.gz	8048daa074e60dd4e903a9aa28a686b3	1caf1baa114eeca4ed5bde1313ec7415		55439					
EX2107_D14_01W_A	Eukarya-18S-V4-Stoeck-Piredda		EX2107_D14_01a_18S_S273	OKEX2107part							EX2107_D14_01a_18S_S273_R1_001.fastq.gz	EX2107_D14_01a_18S_S273_R2_001.fastq.gz	c099fb74ba0e93d59e5576ad3171c0a6	01e30c7f98f3a6729abbf3d24c27d443		305824					
EX2107_D14_01W_B	Eukarya-18S-V4-Stoeck-Piredda		EX2107_D14_01b_18S_S303	OKEX2107part							EX2107_D14_01b_18S_S303_R1_001.fastq.gz	EX2107_D14_01b_18S_S303_R2_001.fastq.gz	7c37febf818dfb3293851f41917de96f	ff42252fd572cc5ebeb9f2bbd00dc7aa		114482					
EX2107_D14_02W	Eukarya-18S-V4-Stoeck-Piredda		EX2107_D14_02_18S_S274	OKEX2107part							EX2107_D14_02_18S_S274_R1_001.fastq.gz	EX2107_D14_02_18S_S274_R2_001.fastq.gz	e48d130566380e31e1cbe86457cd8f0b	5a47156a50bb053eff4724cb283178ca		41833					
EX2107_D14_06W	Eukarya-18S-V4-Stoeck-Piredda		EX2107_D14_03_18S_S275	OKEX2107part							EX2107_D14_03_18S_S275_R1_001.fastq.gz	EX2107_D14_03_18S_S275_R2_001.fastq.gz	56673d6f0f5fcdb368a9e6f1a2d0bcab	500d2ae9504f011db3966a0a3e88e7a0		48825					
EX2107_D14_08W	Eukarya-18S-V4-Stoeck-Piredda		EX2107_D14_04_18S_S276	OKEX2107part							EX2107_D14_04_18S_S276_R1_001.fastq.gz	EX2107_D14_04_18S_S276_R2_001.fastq.gz	a1025234fcba25510b9a4592032f17ac	b958c7181d844fbe6cc1f3dbc8a005aa		115696					
EX2107_D14_09W	Eukarya-18S-V4-Stoeck-Piredda		EX2107_D14_05_18S_S277	OKEX2107part							EX2107_D14_05_18S_S277_R1_001.fastq.gz	EX2107_D14_05_18S_S277_R2_001.fastq.gz	fd0382608cff70fe05a35eb3e7ca1159	b98fe9de67f781cfb695cded428d4b4c		12350					
EX2107_D14_BLW	Eukarya-18S-V4-Stoeck-Piredda		EX2107_D14_Blank_18S_S278	OKEX2107part							EX2107_D14_Blank_18S_S278_R1_001.fastq.gz	EX2107_D14_Blank_18S_S278_R2_001.fastq.gz	7df28bd739aaf3b94bfbf493bdf177de	c2df2200704acb68feb4dfdee947d369		324					
EX2107_EX2201_IndexBlank_18S	Eukarya-18S-V4-Stoeck-Piredda		EX2107_2201Indexing_Blank_18S_S287	OKEX2107part							EX2107_2201Indexing_Blank_18S_S287_R1_001.fastq.gz	EX2107_2201Indexing_Blank_18S_S287_R2_001.fastq.gz	febef808ae5397ea4ee7ee40e5fd39e0	febef808ae5397ea4ee7ee40e5fd39e0		0					
EX2107_EX2205_EX2206_IndexBlank_18S	Eukarya-18S-V4-Stoeck-Piredda		2206_2205_IndexPCRBLK_18S_S176	OKEX2107part							2206_2205_IndexPCRBLK_18S_S176_R1_001.fastq.gz	2206_2205_IndexPCRBLK_18S_S176_R2_001.fastq.gz	febef808ae5397ea4ee7ee40e5fd39e0	febef808ae5397ea4ee7ee40e5fd39e0		0					
EX2107_ExtractBlank	Eukarya-18S-V4-Stoeck-Piredda		EX2107_ExtractionBlank_18S_S279	OKEX2107part							EX2107_ExtractionBlank_18S_S279_R1_001.fastq.gz	EX2107_ExtractionBlank_18S_S279_R2_001.fastq.gz	8ccdce12b1c99aa3a7217ba40dafefc4	761e7be33c66e2563144f7cac4e62213		1					
EX2107_FieldBlank_1	Eukarya-18S-V4-Stoeck-Piredda		18S-control1_S49_L001	OKEX2107part-OKEX2205part_ROV-D2							18S-control1_S49_L001_R1_001.fastq.gz	18S-control1_S49_L001_R2_001.fastq.gz	62ed6fe01db904fbab23bb156fc87c81	d4ae6cf9985ac75604216ce75bae0bbd		1219					
EX2107_FieldBlank_2	Eukarya-18S-V4-Stoeck-Piredda		18S-control2_S50_L001	OKEX2107part-OKEX2205part_ROV-D2							18S-control2_S50_L001_R1_001.fastq.gz	18S-control2_S50_L001_R2_001.fastq.gz	3882b35ad415f3186dbda9f127ebc86d	3882b35ad415f3186dbda9f127ebc86d		0					
EX2107_PCRBlank_Plate1_18S	Eukarya-18S-V4-Stoeck-Piredda		18S_1_2107_PCRBlank_18S_S284	OKEX2107part							18S_1_2107_PCRBlank_18S_S284_R1_001.fastq.gz	18S_1_2107_PCRBlank_18S_S284_R2_001.fastq.gz	8d83511c2ca1797bd9d01e16219ad3f3	f4e812c5df9b9c5df04ed8449dede039		341					
EX2107_PCRBlank_Plate2_18S	Eukarya-18S-V4-Stoeck-Piredda		18S_2_2107_PCRBlank_18S_S285	OKEX2107part							18S_2_2107_PCRBlank_18S_S285_R1_001.fastq.gz	18S_2_2107_PCRBlank_18S_S285_R2_001.fastq.gz	ecf40635cc968d3e4697c39140976da3	2d2a865efc15161baf387da762ee972b		380					
EX2203_CTD003_B01W	Metazoa-COI-Leray-Geller		EX2203-R03-B01-COI_S1_L001	OKEX2203_CTD							EX2203-R03-B01-COI_S1_L001_R1_001.fastq.gz	EX2203-R03-B01-COI_S1_L001_R2_001.fastq.gz	3882b35ad415f3186dbda9f127ebc86d	3882b35ad415f3186dbda9f127ebc86d		0					
EX2203_CTD003_B02W	Metazoa-COI-Leray-Geller		EX2203-R03-B02-COI_S2_L001	OKEX2203_CTD							EX2203-R03-B02-COI_S2_L001_R1_001.fastq.gz	EX2203-R03-B02-COI_S2_L001_R2_001.fastq.gz	91f19586ca62c505b5bc3730b56fbf9e	bdb916d9af77a5eeec6d9ada277f6013		387898					
EX2203_CTD003_B03W	Metazoa-COI-Leray-Geller		EX2203-R03-B03-COI_S3_L001	OKEX2203_CTD							EX2203-R03-B03-COI_S3_L001_R1_001.fastq.gz	EX2203-R03-B03-COI_S3_L001_R2_001.fastq.gz	5cfb43c56262e421556273e02c70b518	18cb20e6c77e6c7b8afef70fb11ddb69		338620					
EX2203_CTD003_B04W	Metazoa-COI-Leray-Geller		EX2203-R03-B04-COI_S4_L001	OKEX2203_CTD							EX2203-R03-B04-COI_S4_L001_R1_001.fastq.gz	EX2203-R03-B04-COI_S4_L001_R2_001.fastq.gz	ab3a63e08a07084a8a07bbab607f8b7d	6b4769bc20ddcde98758c00c6c259346		570328					
EX2203_CTD003_B05W	Metazoa-COI-Leray-Geller		EX2203-R03-B05-COI_S5_L001	OKEX2203_CTD							EX2203-R03-B05-COI_S5_L001_R1_001.fastq.gz	EX2203-R03-B05-COI_S5_L001_R2_001.fastq.gz	c5a4e853f55af1174096dc3b84a55115	dc57745a75e1e80a2e24ba6731043907		259750					
EX2203_CTD003_B06W	Metazoa-COI-Leray-Geller		EX2203-R03-B06-COI_S6_L001	OKEX2203_CTD							EX2203-R03-B06-COI_S6_L001_R1_001.fastq.gz	EX2203-R03-B06-COI_S6_L001_R2_001.fastq.gz	f2830945e899ec11774bf48013f75a20	c2b5d32fcac83bcfddcbf993d8e43a38		355419					
EX2203_CTD003_FieldBlank	Metazoa-COI-Leray-Geller		EX2203-R03-Blank-COI_S7_L001	OKEX2203_CTD							EX2203-R03-Blank-COI_S7_L001_R1_001.fastq.gz	EX2203-R03-Blank-COI_S7_L001_R2_001.fastq.gz	d02755731949934f5140e15ba52e16e2	33116c4abc58809600df1062b3140f36		323491					
EX2203_CTD004_B01W	Metazoa-COI-Leray-Geller		EX2203-R04-B01-COI_S8_L001	OKEX2203_CTD							EX2203-R04-B01-COI_S8_L001_R1_001.fastq.gz	EX2203-R04-B01-COI_S8_L001_R2_001.fastq.gz	de684123f15b31114e0af5d1528fcd23	a93a5ce7410f657dbcb99f056796facb		284200					
EX2203_CTD004_B02W	Metazoa-COI-Leray-Geller		EX2203-R04-B02-COI_S9_L001	OKEX2203_CTD							EX2203-R04-B02-COI_S9_L001_R1_001.fastq.gz	EX2203-R04-B02-COI_S9_L001_R2_001.fastq.gz	e332d5e146ba32a7ab881a8096cad570	a1ebb3efa21c580a32ed4f2a09f1ad94		351					
EX2203_CTD004_B03W	Metazoa-COI-Leray-Geller		EX2203-R04-B03-COI_S10_L001	OKEX2203_CTD							EX2203-R04-B03-COI_S10_L001_R1_001.fastq.gz	EX2203-R04-B03-COI_S10_L001_R2_001.fastq.gz	c5765ba72c3d9078f3868e77a4140947	05ca47585e7f2bf230b47bd4247f1fc1		2					
EX2203_CTD004_B04W	Metazoa-COI-Leray-Geller		EX2203-R04-B04-COI_S11_L001	OKEX2203_CTD							EX2203-R04-B04-COI_S11_L001_R1_001.fastq.gz	EX2203-R04-B04-COI_S11_L001_R2_001.fastq.gz	c129acc264f71c32ed6aa04f3d7791bf	66ae98488149000eab168e88100e0606		110					
EX2203_CTD004_B05W	Metazoa-COI-Leray-Geller		EX2203-R04-B05-COI_S12_L001	OKEX2203_CTD							EX2203-R04-B05-COI_S12_L001_R1_001.fastq.gz	EX2203-R04-B05-COI_S12_L001_R2_001.fastq.gz	a92b5c5b5050fa649be53be1443fcb31	284ac599c3c9a7f9102853dd3b3b8bf4		345159					
EX2203_CTD004_B06W	Metazoa-COI-Leray-Geller		EX2203-R04-B06-COI_S13_L001	OKEX2203_CTD							EX2203-R04-B06-COI_S13_L001_R1_001.fastq.gz	EX2203-R04-B06-COI_S13_L001_R2_001.fastq.gz	39754eb98fd7c437b53c8f62c63b6c24	b4e866d9f857b26463745069d5a1b6a1		314037					
EX2203_CTD004_FieldBlank	Metazoa-COI-Leray-Geller		EX2203-R04-Blank-COI_S14_L001	OKEX2203_CTD							EX2203-R04-Blank-COI_S14_L001_R1_001.fastq.gz	EX2203-R04-Blank-COI_S14_L001_R2_001.fastq.gz	bf1efde5db1c4d0d90db86d714b4a03f	32c028a528d6a45db7fb021e51a4d940		338610					
EX2203_CTD005_B01W	Metazoa-COI-Leray-Geller		EX2203-R05-B01-COI_S15_L001	OKEX2203_CTD							EX2203-R05-B01-COI_S15_L001_R1_001.fastq.gz	EX2203-R05-B01-COI_S15_L001_R2_001.fastq.gz	499a51e1af242ab483331542acf70cb4	0b5d2f43b959597fadcedba69ee4b28f		9767					
EX2203_CTD005_B02W	Metazoa-COI-Leray-Geller		EX2203-R05-B02-COI_S16_L001	OKEX2203_CTD							EX2203-R05-B02-COI_S16_L001_R1_001.fastq.gz	EX2203-R05-B02-COI_S16_L001_R2_001.fastq.gz	998346a210f646523354c82fbe314dd8	02e72016167331b7a25a50e492c8797c		116135					
EX2203_CTD005_B03W	Metazoa-COI-Leray-Geller		EX2203-R05-B03-COI_S17_L001	OKEX2203_CTD							EX2203-R05-B03-COI_S17_L001_R1_001.fastq.gz	EX2203-R05-B03-COI_S17_L001_R2_001.fastq.gz	4f9039a9551f1acec820638b0a9ecacf	074abd36e7f872fc4a2b84340fc1ecf6		5942					
EX2203_CTD005_B04W	Metazoa-COI-Leray-Geller		EX2203-R05-B04-COI_S18_L001	OKEX2203_CTD							EX2203-R05-B04-COI_S18_L001_R1_001.fastq.gz	EX2203-R05-B04-COI_S18_L001_R2_001.fastq.gz	1a770cdab0a8efbfe5e04c951adea928	dca30578322eab6bd5e230157b4d2e94		355111					
EX2203_CTD005_B05W	Metazoa-COI-Leray-Geller		EX2203-R05-B05-COI_S19_L001	OKEX2203_CTD							EX2203-R05-B05-COI_S19_L001_R1_001.fastq.gz	EX2203-R05-B05-COI_S19_L001_R2_001.fastq.gz	97b5a14d1652c684dbab62fcbf2ea23c	ed2aa3b623e3a5d73c38223d6555dd25		385152					
EX2203_CTD005_B06W	Metazoa-COI-Leray-Geller		EX2203-R05-B06-COI_S20_L001	OKEX2203_CTD							EX2203-R05-B06-COI_S20_L001_R1_001.fastq.gz	EX2203-R05-B06-COI_S20_L001_R2_001.fastq.gz	56eb6b9bab4ea43e69672a03c2cc5028	dce45c7fd3e9dc77ace267bd4cfdac11		407582					
EX2203_CTD005_FieldBlank	Metazoa-COI-Leray-Geller		EX2203-R05-Blank-COI_S21_L001	OKEX2203_CTD							EX2203-R05-Blank-COI_S21_L001_R1_001.fastq.gz	EX2203-R05-Blank-COI_S21_L001_R2_001.fastq.gz	956f423391e4943743736a9dc68ffb4c	37e94ce25e13acba7ee657729f8b2e63		473					
EX2203_CTD006_B01W	Metazoa-COI-Leray-Geller		EX2203-R06-B01-COI_S22_L001	OKEX2203_CTD							EX2203-R06-B01-COI_S22_L001_R1_001.fastq.gz	EX2203-R06-B01-COI_S22_L001_R2_001.fastq.gz	32b9bc44e20107fcded8527cf4ab6fe2	300361a2f281e4ddfde3b973bfa49770		1366					
EX2203_CTD006_B02W	Metazoa-COI-Leray-Geller		EX2203-R06-B02-COI_S23_L001	OKEX2203_CTD							EX2203-R06-B02-COI_S23_L001_R1_001.fastq.gz	EX2203-R06-B02-COI_S23_L001_R2_001.fastq.gz	1fef34ce8bf1d386b4301863dd191b09	f094005feb11965bf641888ea77e07a1		232899					
EX2203_CTD006_B03W	Metazoa-COI-Leray-Geller		EX2203-R06-B03-COI_S24_L001	OKEX2203_CTD							EX2203-R06-B03-COI_S24_L001_R1_001.fastq.gz	EX2203-R06-B03-COI_S24_L001_R2_001.fastq.gz	ff1f41d977d2d85dbdc9644ddf4eb9dd	6252743773e08565468c3ff4cf004c32		323910					
EX2203_CTD006_B04W	Metazoa-COI-Leray-Geller		EX2203-R06-B04-COI_S25_L001	OKEX2203_CTD							EX2203-R06-B04-COI_S25_L001_R1_001.fastq.gz	EX2203-R06-B04-COI_S25_L001_R2_001.fastq.gz	58991f8c66f9a41d8bd632b5cf1463bf	f50bc45be4991bac1f41fdc715b6a3a3		386083					
EX2203_CTD006_B05W	Metazoa-COI-Leray-Geller		EX2203-R06-B05-COI_S26_L001	OKEX2203_CTD							EX2203-R06-B05-COI_S26_L001_R1_001.fastq.gz	EX2203-R06-B05-COI_S26_L001_R2_001.fastq.gz	280d2f994e9782927876d4115d7256e4	edcf117da4cd58679fcfbc5563f9e045		307122					
EX2203_CTD006_B06W	Metazoa-COI-Leray-Geller		EX2203-R06-B06-COI_S27_L001	OKEX2203_CTD							EX2203-R06-B06-COI_S27_L001_R1_001.fastq.gz	EX2203-R06-B06-COI_S27_L001_R2_001.fastq.gz	ad46e647adc917e667f73813f7d4f144	60f783879ef7e652164d82ec1103e7b9		406980					
EX2203_CTD006_FieldBlank	Metazoa-COI-Leray-Geller		EX2203-R06-Blank-COI_S28_L001	OKEX2203_CTD							EX2203-R06-Blank-COI_S28_L001_R1_001.fastq.gz	EX2203-R06-Blank-COI_S28_L001_R2_001.fastq.gz	ee26de1f07815871219a5b6a24de425d	9740e2b35fd24f29f4ecb24fd9d6eabd		152442					
EX2203_CTD007_B01W	Metazoa-COI-Leray-Geller		EX2203-R07-B01-COI_S29_L001	OKEX2203_CTD							EX2203-R07-B01-COI_S29_L001_R1_001.fastq.gz	EX2203-R07-B01-COI_S29_L001_R2_001.fastq.gz	213ffa9f15ba62e84f2e76320f114030	4ee463c6e39a314a5ddd419449457af3		215635					
EX2203_CTD007_B02W	Metazoa-COI-Leray-Geller		EX2203-R07-B02-COI_S30_L001	OKEX2203_CTD							EX2203-R07-B02-COI_S30_L001_R1_001.fastq.gz	EX2203-R07-B02-COI_S30_L001_R2_001.fastq.gz	db0285d69b22290f7373a50dcd6e8047	70d7afd2b819e5c0ee84ee15423f7d44		26246					
EX2203_CTD007_B03W	Metazoa-COI-Leray-Geller		EX2203-R07-B03-COI_S31_L001	OKEX2203_CTD							EX2203-R07-B03-COI_S31_L001_R1_001.fastq.gz	EX2203-R07-B03-COI_S31_L001_R2_001.fastq.gz	b40046eac0daf0c9cc2498e7d9574ba5	ca16a39f69097d55a70e9d8c1b970b11		283					
EX2203_CTD007_B04W	Metazoa-COI-Leray-Geller		EX2203-R07-B04-COI_S32_L001	OKEX2203_CTD							EX2203-R07-B04-COI_S32_L001_R1_001.fastq.gz	EX2203-R07-B04-COI_S32_L001_R2_001.fastq.gz	8fd68f762a5337e7ef03848641e0299e	b63203edf43602a22e501ff8542ca4af		4640					
EX2203_CTD007_B05W	Metazoa-COI-Leray-Geller		EX2203-R07-B05-COI_S33_L001	OKEX2203_CTD							EX2203-R07-B05-COI_S33_L001_R1_001.fastq.gz	EX2203-R07-B05-COI_S33_L001_R2_001.fastq.gz	860848e18d954bd8b64e60e1a3d7c5f8	dc4e8ce06649d6caaa5923436151bb7c		332116					
EX2203_CTD007_B06W	Metazoa-COI-Leray-Geller		EX2203-R07-B06-COI_S34_L001	OKEX2203_CTD							EX2203-R07-B06-COI_S34_L001_R1_001.fastq.gz	EX2203-R07-B06-COI_S34_L001_R2_001.fastq.gz	43707fd516ad7ac558f5c77000a14441	11dec56f04bbb3de074ffa01ff3df6ba		398799					
EX2203_CTD007_FieldBlank	Metazoa-COI-Leray-Geller		EX2203-R07-Blank-COI_S35_L001	OKEX2203_CTD							EX2203-R07-Blank-COI_S35_L001_R1_001.fastq.gz	EX2203-R07-Blank-COI_S35_L001_R2_001.fastq.gz	e20edd0821387b359b492e6114af5cc0	c24bb7ec9d5c882840f5b738bf00d167		203862					
EX2203_CTD009_B01W	Metazoa-COI-Leray-Geller		EX2203-R09-B01-COI_S36_L001	OKEX2203_CTD							EX2203-R09-B01-COI_S36_L001_R1_001.fastq.gz	EX2203-R09-B01-COI_S36_L001_R2_001.fastq.gz	8867ed1677059a3f2c73f10a956160d8	7c61b3fe19fcb1277d3c526ee2196fae		480494					
EX2203_CTD009_B02W	Metazoa-COI-Leray-Geller		EX2203-R09-B02-COI_S37_L001	OKEX2203_CTD							EX2203-R09-B02-COI_S37_L001_R1_001.fastq.gz	EX2203-R09-B02-COI_S37_L001_R2_001.fastq.gz	6bedc5e358030d95e7223e45fc39a88a	56b39cd886b900346e72bb8d20038186		406125					
EX2203_CTD009_B03W	Metazoa-COI-Leray-Geller		EX2203-R09-B03-COI_S38_L001	OKEX2203_CTD							EX2203-R09-B03-COI_S38_L001_R1_001.fastq.gz	EX2203-R09-B03-COI_S38_L001_R2_001.fastq.gz	822d8a29c989704b5c097a943153889a	a30665fc9572ffb1378d6e993ee2dc3d		383492					
EX2203_CTD009_B04W	Metazoa-COI-Leray-Geller		EX2203-R09-B04-COI_S39_L001	OKEX2203_CTD							EX2203-R09-B04-COI_S39_L001_R1_001.fastq.gz	EX2203-R09-B04-COI_S39_L001_R2_001.fastq.gz	d8c7a408ab8b4176f885077edec07bda	3be183fa42675e042d272642f7c3d2dc		241580					
EX2203_CTD009_B05W	Metazoa-COI-Leray-Geller		EX2203-R09-B05-COI_S40_L001	OKEX2203_CTD							EX2203-R09-B05-COI_S40_L001_R1_001.fastq.gz	EX2203-R09-B05-COI_S40_L001_R2_001.fastq.gz	1ef1687fe4ec1e98b4c7661d276e1bcf	5398acf4396e42d82f3786fa41e3204b		349721					
EX2203_CTD009_B06W	Metazoa-COI-Leray-Geller		EX2203-R09-B06-COI_S41_L001	OKEX2203_CTD							EX2203-R09-B06-COI_S41_L001_R1_001.fastq.gz	EX2203-R09-B06-COI_S41_L001_R2_001.fastq.gz	14a59c94b51ac2f274c4741f0ba5fd1b	1d2970086445c54ba524c95ab241a41f		611160					
EX2203_CTD009_FieldBlank	Metazoa-COI-Leray-Geller		EX2203-R09-Blank-COI_S42_L001	OKEX2203_CTD							EX2203-R09-Blank-COI_S42_L001_R1_001.fastq.gz	EX2203-R09-Blank-COI_S42_L001_R2_001.fastq.gz	b35a236b3be7137efd41a1608fbcfd58	c7b456ca7b1a7cfd2599c7676132c2d1		448019					
EX2203_CTD010_B01W	Metazoa-COI-Leray-Geller		EX2203-R10-B01-COI_S43_L001	OKEX2203_CTD							EX2203-R10-B01-COI_S43_L001_R1_001.fastq.gz	EX2203-R10-B01-COI_S43_L001_R2_001.fastq.gz	1b75203bedee2492d3e4b1a6ebb6f3f4	40d1922f663453250823067034d43d83		375438					
EX2203_CTD010_B02W	Metazoa-COI-Leray-Geller		EX2203-R10-B02-COI_S44_L001	OKEX2203_CTD							EX2203-R10-B02-COI_S44_L001_R1_001.fastq.gz	EX2203-R10-B02-COI_S44_L001_R2_001.fastq.gz	c745f17b63db708eb7fdff29893629ed	3987b9b4a22b5d11d3bdfdd4dab11c6c		404677					
EX2203_CTD010_B04W	Metazoa-COI-Leray-Geller		EX2203-R10-B04-COI_S45_L001	OKEX2203_CTD							EX2203-R10-B04-COI_S45_L001_R1_001.fastq.gz	EX2203-R10-B04-COI_S45_L001_R2_001.fastq.gz	f2c2cfe261803f6246ca3dd2bb9b1945	bed84c76d0346d2441359f0314407f6a		376847					
EX2203_CTD010_FieldBlank	Metazoa-COI-Leray-Geller		EX2203-R10-Blank-COI_S46_L001	OKEX2203_CTD							EX2203-R10-Blank-COI_S46_L001_R1_001.fastq.gz	EX2203-R10-Blank-COI_S46_L001_R2_001.fastq.gz	6de36fc77017641be10d2204b84a88ca	55ebb3f6f3e94950ba8aa8fa9ed4be9d		302132					
EX2203_ExtractBlank	Metazoa-COI-Leray-Geller		EX2203-ExtractBlank-COI_S47_L001	OKEX2203_CTD							EX2203-ExtractBlank-COI_S47_L001_R1_001.fastq.gz	EX2203-ExtractBlank-COI_S47_L001_R2_001.fastq.gz	fc7306eeb5458e0344fa2956ee19cf74	bbd01f1d20c968b340101b5338a982c2		1499					
EX2203_PCRBlank_COI	Metazoa-COI-Leray-Geller		EX2203-NegativeControl-COI_S48_L001	OKEX2203_CTD							EX2203-NegativeControl-COI_S48_L001_R1_001.fastq.gz	EX2203-NegativeControl-COI_S48_L001_R2_001.fastq.gz	68eff05234e9196df0e05e8ddb219014	5870dba1b7d6f9434d74e017f8ae36c8		180					
EX2206_D01_01W	Eukarya-18S-V4-Stoeck-Piredda		EX2206_D01_01_18S_S89	EX2206							EX2206_D01_01_18S_S89_R1_001.fastq.gz	EX2206_D01_01_18S_S89_R2_001.fastq.gz	1146864fd23b51961797a2320f4e757d	daa5378e7a13e8b5206feb0ba7625661		261987					
EX2206_D01_02W	Eukarya-18S-V4-Stoeck-Piredda		EX2206_D01_02_18S_S90	EX2206							EX2206_D01_02_18S_S90_R1_001.fastq.gz	EX2206_D01_02_18S_S90_R2_001.fastq.gz	febef808ae5397ea4ee7ee40e5fd39e0	febef808ae5397ea4ee7ee40e5fd39e0		0					
EX2206_D01_07W	Eukarya-18S-V4-Stoeck-Piredda		EX2206_D01_07_18S_S91	EX2206							EX2206_D01_07_18S_S91_R1_001.fastq.gz	EX2206_D01_07_18S_S91_R2_001.fastq.gz	3ac94430f39ceeaa234b52ee08d104f6	e2e9b2ec4b92e81d550da5367f7d89b4		257712					
EX2206_D01_BLW	Eukarya-18S-V4-Stoeck-Piredda		EX2206_D01_BLK_18S_S92	EX2206							EX2206_D01_BLK_18S_S92_R1_001.fastq.gz	EX2206_D01_BLK_18S_S92_R2_001.fastq.gz	183037813c11e0f5e45f3007f187b2b2	d91cac11b041b8e57eb2aea0d4ce4baf		191136					
EX2206_D02_01W	Eukarya-18S-V4-Stoeck-Piredda		EX2206_D02_01_18S_S93	EX2206							EX2206_D02_01_18S_S93_R1_001.fastq.gz	EX2206_D02_01_18S_S93_R2_001.fastq.gz	f3367c91c9d304688d25bea6c2fd247a	0c6f1cc61f1430672413fad5ba37b9e9		200104					
EX2206_D02_09W	Eukarya-18S-V4-Stoeck-Piredda		EX2206_D02_09_18S_S94	EX2206							EX2206_D02_09_18S_S94_R1_001.fastq.gz	EX2206_D02_09_18S_S94_R2_001.fastq.gz	a8f57964e2345f04ceba84d3332e8725	fa1b39e3de801ee0079fe177a7c8e4b3		109407					
EX2206_D02_BLW	Eukarya-18S-V4-Stoeck-Piredda		EX2206_D02_BLK_18S_S95	EX2206							EX2206_D02_BLK_18S_S95_R1_001.fastq.gz	EX2206_D02_BLK_18S_S95_R2_001.fastq.gz	e829cc67923532ffd121976f84b31d35	bafcc06b523c0aba59e11aa39dc09743		134551					
EX2206_D03_01W	Eukarya-18S-V4-Stoeck-Piredda		EX2206_D03_01_18S_S96	EX2206							EX2206_D03_01_18S_S96_R1_001.fastq.gz	EX2206_D03_01_18S_S96_R2_001.fastq.gz	30d97d77aed8f189709a79806af18e1b	c668009a1ab05681563c075a4d462a4b		210994					
EX2206_D03_04W	Eukarya-18S-V4-Stoeck-Piredda		EX2206_D03_04_18S_S99	EX2206							EX2206_D03_04_18S_S99_R1_001.fastq.gz	EX2206_D03_04_18S_S99_R2_001.fastq.gz	0f5e0246f1707850883ad506ce573592	a77ed84d63e571706777737643d156a5		295749					
EX2206_D03_05W	Eukarya-18S-V4-Stoeck-Piredda		EX2206_D03_05_18S_S100	EX2206							EX2206_D03_05_18S_S100_R1_001.fastq.gz	EX2206_D03_05_18S_S100_R2_001.fastq.gz	1808cb89ab2506c471820300a27ce973	cd58a085b20b29a2972f2be1be031d6e		323967					
EX2206_D03_06W	Eukarya-18S-V4-Stoeck-Piredda		EX2206_D03_02_18S_S97	EX2206							EX2206_D03_02_18S_S97_R1_001.fastq.gz	EX2206_D03_02_18S_S97_R2_001.fastq.gz	fc074a51791595e9fc2a0fc22e1e2e78	e13c17bb1377bd554fbf72b36c4028f2		244151					
EX2206_D03_08W	Eukarya-18S-V4-Stoeck-Piredda		EX2206_D03_03_18S_S98	EX2206							EX2206_D03_03_18S_S98_R1_001.fastq.gz	EX2206_D03_03_18S_S98_R2_001.fastq.gz	b35b7ea383aa46f7f663b19b5bd90962	0758d5edbb8cc4c2382e3717f2940504		382467					
EX2206_D03_BLW	Eukarya-18S-V4-Stoeck-Piredda		EX2206_D03_BLK_18S_S101	EX2206							EX2206_D03_BLK_18S_S101_R1_001.fastq.gz	EX2206_D03_BLK_18S_S101_R2_001.fastq.gz	eb4c49ec0f517ee86121937cb3f7b940	cf9f98fb687f195eacca11cde09d9455		185449					
EX2206_D04_01W	Eukarya-18S-V4-Stoeck-Piredda		EX2206_D04_01_18S_S102	EX2206							EX2206_D04_01_18S_S102_R1_001.fastq.gz	EX2206_D04_01_18S_S102_R2_001.fastq.gz	4cfc43de8f488f15dd05d7aac076df5f	6fac5b1e7096fa745f564eefe5e97f3c		275397					
EX2206_D04_06W	Eukarya-18S-V4-Stoeck-Piredda		EX2206_D04_06_18S_S103	EX2206							EX2206_D04_06_18S_S103_R1_001.fastq.gz	EX2206_D04_06_18S_S103_R2_001.fastq.gz	14a8731e84c2ac32c331be4f656e2c12	c909322192800c5d1d446b9aaba13e42		105					
EX2206_D04_BLW	Eukarya-18S-V4-Stoeck-Piredda		EX2206_D04_BLK_18S_S104	EX2206							EX2206_D04_BLK_18S_S104_R1_001.fastq.gz	EX2206_D04_BLK_18S_S104_R2_001.fastq.gz	03961a39989de2c89336d421ba50a4f0	576f11df452c7d4408532a9b9449cb12		223719					
EX2206_D06_01W	Eukarya-18S-V4-Stoeck-Piredda		EX2206_D06_01_18S_S105	EX2206							EX2206_D06_01_18S_S105_R1_001.fastq.gz	EX2206_D06_01_18S_S105_R2_001.fastq.gz	efaf30f24235561ff67e61139a221470	db04e80363c33b603173ba0579a40c71		153134					
EX2206_D06_02W	Eukarya-18S-V4-Stoeck-Piredda		EX2206_D06_02_18S_S106	EX2206							EX2206_D06_02_18S_S106_R1_001.fastq.gz	EX2206_D06_02_18S_S106_R2_001.fastq.gz	df61b97cd7134dccb40ec3989488aa9c	242a03d564281ec4ac60bd542a819c78		202192					
EX2206_D06_BLW	Eukarya-18S-V4-Stoeck-Piredda		EX2206_D06_BLK_18S_S107	EX2206							EX2206_D06_BLK_18S_S107_R1_001.fastq.gz	EX2206_D06_BLK_18S_S107_R2_001.fastq.gz	b41063e60fe8e1a7a61d7ef1c6c68e7d	14f350b014d325984af20d2ecee082fd		5073					
EX2206_D07_01W	Eukarya-18S-V4-Stoeck-Piredda		EX2206_D07_01_18S_S108	EX2206							EX2206_D07_01_18S_S108_R1_001.fastq.gz	EX2206_D07_01_18S_S108_R2_001.fastq.gz	c1ae4a479425ec19159112b15bb2feb0	b6152875a3249a47b18160d4f9e9204e		437903					
EX2206_D07_02W	Eukarya-18S-V4-Stoeck-Piredda		EX2206_D07_02_18S_S109	EX2206							EX2206_D07_02_18S_S109_R1_001.fastq.gz	EX2206_D07_02_18S_S109_R2_001.fastq.gz	078ba3882c57829d58193f6e8998c6e4	4f9a94bd7bb7357604d9dc31003ab054		242189					
EX2206_D07_03W	Eukarya-18S-V4-Stoeck-Piredda		EX2206_D07_03_18S_S110	EX2206							EX2206_D07_03_18S_S110_R1_001.fastq.gz	EX2206_D07_03_18S_S110_R2_001.fastq.gz	c599147cf918d62263163a17d214b784	2f3efe0b37840670d4c829ff07eba074		276708					
EX2206_D07_04W	Eukarya-18S-V4-Stoeck-Piredda		EX2206_D07_04_18S_S111	EX2206							EX2206_D07_04_18S_S111_R1_001.fastq.gz	EX2206_D07_04_18S_S111_R2_001.fastq.gz	e254e411d4c7258ba8438803d4bbf9fb	2ecf05780e05b71d96d6d969ec4557e0		189908					
EX2206_D07_BLW	Eukarya-18S-V4-Stoeck-Piredda		EX2206_D07_BLK_18S_S112	EX2206							EX2206_D07_BLK_18S_S112_R1_001.fastq.gz	EX2206_D07_BLK_18S_S112_R2_001.fastq.gz	0480cc70e6a6894775cd485361d98f96	4d31d53604ad62fc45b62b31ba5fda82		179303					
EX2206_D08_02W	Eukarya-18S-V4-Stoeck-Piredda		EX2206_D08_02_18S_S113	EX2206							EX2206_D08_02_18S_S113_R1_001.fastq.gz	EX2206_D08_02_18S_S113_R2_001.fastq.gz	ab42ae3fdb5f3cdc93435872dc935ef4	5fccadbe8cfc01e2f53d2558380ba733		162787					
EX2206_D08_03W	Eukarya-18S-V4-Stoeck-Piredda		EX2206_D08_03_18S_S114	EX2206							EX2206_D08_03_18S_S114_R1_001.fastq.gz	EX2206_D08_03_18S_S114_R2_001.fastq.gz	be5cc8ea1d30e7269cdb085f3585c0be	367fa3eb0ad8dba44935da48177743f2		317567					
EX2206_D08_BLW	Eukarya-18S-V4-Stoeck-Piredda		EX2206_D08_BLK_18S_S115	EX2206							EX2206_D08_BLK_18S_S115_R1_001.fastq.gz	EX2206_D08_BLK_18S_S115_R2_001.fastq.gz	fd17c7f9c995d167adbfcd6119ee555b	c54facffdb0977ea44a441ec82ef5c2c		320700					
EX2206_D09_01W	Eukarya-18S-V4-Stoeck-Piredda		EX2206_D09_01_18S_S116	EX2206							EX2206_D09_01_18S_S116_R1_001.fastq.gz	EX2206_D09_01_18S_S116_R2_001.fastq.gz	7b7cae627300c096939e079b9b5dd9a4	a8c5a3458cf16d765a44fddd75028169		105450					
EX2206_D09_04W	Eukarya-18S-V4-Stoeck-Piredda		EX2206_D09_02_18S_S117	EX2206							EX2206_D09_02_18S_S117_R1_001.fastq.gz	EX2206_D09_02_18S_S117_R2_001.fastq.gz	febef808ae5397ea4ee7ee40e5fd39e0	febef808ae5397ea4ee7ee40e5fd39e0		0					
EX2206_D09_05W	Eukarya-18S-V4-Stoeck-Piredda		EX2206_D09_03_18S_S118	EX2206							EX2206_D09_03_18S_S118_R1_001.fastq.gz	EX2206_D09_03_18S_S118_R2_001.fastq.gz	00e23ca43a5ab9e4accedd4bb10c4a33	22c33271c4f2276e54acde926f3d47bf		209206					
EX2206_D09_06W	Eukarya-18S-V4-Stoeck-Piredda		EX2206_D09_04_18S_S119	EX2206							EX2206_D09_04_18S_S119_R1_001.fastq.gz	EX2206_D09_04_18S_S119_R2_001.fastq.gz	94e997f3959ba32f2438e77985fb0209	4b85c77e2d77dcc4aa8ad03e039cd12b		237532					
EX2206_D09_07W	Eukarya-18S-V4-Stoeck-Piredda		EX2206_D09_05_18S_S120	EX2206							EX2206_D09_05_18S_S120_R1_001.fastq.gz	EX2206_D09_05_18S_S120_R2_001.fastq.gz	819c542f24e3c9dc9e545934ad98f405	a890994d3879445b9d38c9e5ad094bbf		428135					
EX2206_D09_BLW	Eukarya-18S-V4-Stoeck-Piredda		EX2206_D09_BLK_18S_S121	EX2206							EX2206_D09_BLK_18S_S121_R1_001.fastq.gz	EX2206_D09_BLK_18S_S121_R2_001.fastq.gz	61d7ee20ac178d49f421154e841e1942	88ed4ab9e69772bb1cfd7ea9e412120c		4503					
EX2206_ExtractBlank	Eukarya-18S-V4-Stoeck-Piredda		EX2206_Extraction_BLK_18S_S122	EX2206							EX2206_Extraction_BLK_18S_S122_R1_001.fastq.gz	EX2206_Extraction_BLK_18S_S122_R2_001.fastq.gz	a091aabcbe97fb0ebc1df61bac7efadd	a8df3ca20f9e95f9fac8b4d1e9f8acb6		133					
EX2206_PCRBlank_Plate1_18S	Eukarya-18S-V4-Stoeck-Piredda		EX2206_COI_Pl1_BLK_18S_S172	EX2206							EX2206_COI_Pl1_BLK_18S_S172_R1_001.fastq.gz	EX2206_COI_Pl1_BLK_18S_S172_R2_001.fastq.gz	1708c8378a83be4a422843319542bae3	8e3aad1b1b675e6290fca26e7cf2366b		159					
EX2206_PCRBlank_Plate2_18S	Eukarya-18S-V4-Stoeck-Piredda		EX2206_COI_Pl2_BLK_18S_S173	EX2206							EX2206_COI_Pl2_BLK_18S_S173_R1_001.fastq.gz	EX2206_COI_Pl2_BLK_18S_S173_R2_001.fastq.gz	3b1713d78f8debb6d88cbaff0c000a15	8687ffde68599da3ac744f639e372dc4		240					
EX2301_CTD001_B01_bW	Fish-12S-MiFish-U-Miya		EX2301_CTD001_B01_b_12S_S261	260219_VL00847_29_AAHVJ2GM5							EX2301_CTD001_B01_b_12S_S261_R1_001.fastq.gz	EX2301_CTD001_B01_b_12S_S261_R2_001.fastq.gz	186d60f26d7dc8b89a3b35acfee9ddc0	4b21bdca021e618c10140eb0d457109f		312684					
EX2301_CTD001_B01_cW	Fish-12S-MiFish-U-Miya		EX2301_CTD001_B01_c_12S_S274	260219_VL00847_29_AAHVJ2GM5							EX2301_CTD001_B01_c_12S_S274_R1_001.fastq.gz	EX2301_CTD001_B01_c_12S_S274_R2_001.fastq.gz	30def72fb14eee8eb8670e1038c05996	ec4295422e448aad64c972211a5c4ff3		219162					
EX2301_CTD001_B01W	Eukarya-18S-V9-Lane-Medlin		EX2301-CTD01-B01-18S	OKEX2301_CTD							EX2301-CTD01-B01-18S_R1.fastq.gz	EX2301-CTD01-B01-18S_R2.fastq.gz	6a54270512bf09f4c8978db68148d321	2e8e5037e807573ab51d03ac01cd5b2d		1621628					
EX2301_CTD001_B01W	Fish-12S-MiFish-U-Miya		EX2301_CTD001_B01_12S_S247	260219_VL00847_29_AAHVJ2GM5							EX2301_CTD001_B01_12S_S247_R1_001.fastq.gz	EX2301_CTD001_B01_12S_S247_R2_001.fastq.gz	2716b7a943fd8b75d48de92764569390	4e66128060f8238a24be68d40cecf65e		340962					
EX2301_CTD001_B02_bW	Fish-12S-MiFish-U-Miya		EX2301_CTD001_B02_b_12S_S262	260219_VL00847_29_AAHVJ2GM5							EX2301_CTD001_B02_b_12S_S262_R1_001.fastq.gz	EX2301_CTD001_B02_b_12S_S262_R2_001.fastq.gz	ec4f31767c52932af80ae7408492ae00	0b96631fda5c1cdfde65ee9af66bf437		113287					
EX2301_CTD001_B02_cW	Fish-12S-MiFish-U-Miya		EX2301_CTD001_B02_c_12S_S275	260219_VL00847_29_AAHVJ2GM5							EX2301_CTD001_B02_c_12S_S275_R1_001.fastq.gz	EX2301_CTD001_B02_c_12S_S275_R2_001.fastq.gz	f9b5aaab08d9b3ffbeb9e2e79f09592c	0bc2cbc2ea249d8d6c426e9c081af31f		369460					
EX2301_CTD001_B02W	Eukarya-18S-V9-Lane-Medlin		EX2301-CTD01-B02-18S	OKEX2301_CTD							EX2301-CTD01-B02-18S_R1.fastq.gz	EX2301-CTD01-B02-18S_R2.fastq.gz	903b48eea1527f375d76ea0015e340c3	34895b10411fbebed5ee74afd4d68389		1973587					
EX2301_CTD001_B02W	Fish-12S-MiFish-U-Miya		EX2301_CTD001_B02_12S_S248	260219_VL00847_29_AAHVJ2GM5							EX2301_CTD001_B02_12S_S248_R1_001.fastq.gz	EX2301_CTD001_B02_12S_S248_R2_001.fastq.gz	83d047babd530630231924493e6935fd	e4e00f82860548f304eb2202804ad594		364040					
EX2301_CTD001_B03_bW	Fish-12S-MiFish-U-Miya		EX2301_CTD001_B03_b_12S_S263	260219_VL00847_29_AAHVJ2GM5							EX2301_CTD001_B03_b_12S_S263_R1_001.fastq.gz	EX2301_CTD001_B03_b_12S_S263_R2_001.fastq.gz	a432bd47bdcec35d584ee91df9b4deda	5fccb8226f796a3f557994040b5b8a9d		32					
EX2301_CTD001_B03_cW	Fish-12S-MiFish-U-Miya		EX2301_CTD001_B03_c_12S_S276	260219_VL00847_29_AAHVJ2GM5							EX2301_CTD001_B03_c_12S_S276_R1_001.fastq.gz	EX2301_CTD001_B03_c_12S_S276_R2_001.fastq.gz	d6e9e11f89687511301e23bbfc26894f	0830bcbec81d1bb674dc5cf4e8e226f7		340743					
EX2301_CTD001_B03W	Eukarya-18S-V9-Lane-Medlin		EX2301-CTD01-B03-18S	OKEX2301_CTD							EX2301-CTD01-B03-18S_R1.fastq.gz	EX2301-CTD01-B03-18S_R2.fastq.gz	7236fb005311ecccff739f19953effce	fa8fb873d537bb27c75b71e89f5c3603		1710277					
EX2301_CTD001_B03W	Fish-12S-MiFish-U-Miya		EX2301_CTD001_B03_12S_S249	260219_VL00847_29_AAHVJ2GM5							EX2301_CTD001_B03_12S_S249_R1_001.fastq.gz	EX2301_CTD001_B03_12S_S249_R2_001.fastq.gz	0ee3adbf2d77141c05329c054a15fb9d	6d96546ca53a75da418cbaabec1ca8d0		393215					
EX2301_CTD001_B04_bW	Fish-12S-MiFish-U-Miya		EX2301_CTD001_B04_b_12S_S264	260219_VL00847_29_AAHVJ2GM5							EX2301_CTD001_B04_b_12S_S264_R1_001.fastq.gz	EX2301_CTD001_B04_b_12S_S264_R2_001.fastq.gz	d3f74fd50d6a6dac61361eae386dc1fe	6903cd06b305908c70f9eac9e7cb9314		48601					
EX2301_CTD001_B04_cW	Fish-12S-MiFish-U-Miya		EX2301_CTD001_B04_c_12S_S277	260219_VL00847_29_AAHVJ2GM5							EX2301_CTD001_B04_c_12S_S277_R1_001.fastq.gz	EX2301_CTD001_B04_c_12S_S277_R2_001.fastq.gz	12875b9a0f689d2a969c0924c2c4f826	7748cf69a50f7ec4d792bf9afbcc242e		265989					
EX2301_CTD001_B04W	Eukarya-18S-V9-Lane-Medlin		EX2301-CTD01-B04-18S	OKEX2301_CTD							EX2301-CTD01-B04-18S_R1.fastq.gz	EX2301-CTD01-B04-18S_R2.fastq.gz	326c1dcb77f34e85a83c889c8e80e77f	135b608c92480b6f1b2317923497ad77		1493618					
EX2301_CTD001_B04W	Fish-12S-MiFish-U-Miya		EX2301_CTD001_B04_12S_S250	260219_VL00847_29_AAHVJ2GM5							EX2301_CTD001_B04_12S_S250_R1_001.fastq.gz	EX2301_CTD001_B04_12S_S250_R2_001.fastq.gz	666be5da61af1c96915c02966df9ed4a	28d0e81d97831da8daa91947676bb447		279736					
EX2301_CTD001_B05_bW	Fish-12S-MiFish-U-Miya		EX2301_CTD001_B05_b_12S_S265	260219_VL00847_29_AAHVJ2GM5							EX2301_CTD001_B05_b_12S_S265_R1_001.fastq.gz	EX2301_CTD001_B05_b_12S_S265_R2_001.fastq.gz	da669ddfaad56bc2068ac16a249cc179	70aa19839a5ba3ce102fa0e170987749		261227					
EX2301_CTD001_B05_cW	Fish-12S-MiFish-U-Miya		EX2301_CTD001_B05_c_12S_S278	260219_VL00847_29_AAHVJ2GM5							EX2301_CTD001_B05_c_12S_S278_R1_001.fastq.gz	EX2301_CTD001_B05_c_12S_S278_R2_001.fastq.gz	0fb98c64d93eff1c54186db715cfe6fe	6608c94d2fc16e3547a81dfc5c19e69f		369355					
EX2301_CTD001_B05W	Eukarya-18S-V9-Lane-Medlin		EX2301-CTD01-B05-18S	OKEX2301_CTD							EX2301-CTD01-B05-18S_R1.fastq.gz	EX2301-CTD01-B05-18S_R2.fastq.gz	7de33021bf5cef69530d0ff98ac8be77	373d3a704584036cbdb63171f834d96e		1429642					
EX2301_CTD001_B05W	Fish-12S-MiFish-U-Miya		EX2301_CTD001_B05_12S_S251	260219_VL00847_29_AAHVJ2GM5							EX2301_CTD001_B05_12S_S251_R1_001.fastq.gz	EX2301_CTD001_B05_12S_S251_R2_001.fastq.gz	7427beab0622ba6acf28bfedace6850e	0e67a0092aa91b0b43b9b36ca0e4254b		336474					
EX2301_CTD001_B06_bW	Fish-12S-MiFish-U-Miya		EX2301_CTD001_B06_b_12S_S266	260219_VL00847_29_AAHVJ2GM5							EX2301_CTD001_B06_b_12S_S266_R1_001.fastq.gz	EX2301_CTD001_B06_b_12S_S266_R2_001.fastq.gz	e0c2fcb103dae3ea4a5d566b6d250b6b	d519030ecf3c540e230c4684e546d2d6		240197					
EX2301_CTD001_B06_cW	Fish-12S-MiFish-U-Miya		EX2301_CTD001_B06_c_12S_S279	260219_VL00847_29_AAHVJ2GM5							EX2301_CTD001_B06_c_12S_S279_R1_001.fastq.gz	EX2301_CTD001_B06_c_12S_S279_R2_001.fastq.gz	5e9bdce89c57978aee40cf92ff9f5e97	6440f1120254aba8c5ad7eec32e0a24f		372297					
EX2301_CTD001_B06W	Eukarya-18S-V9-Lane-Medlin		EX2301-CTD01-B06-18S	OKEX2301_CTD							EX2301-CTD01-B06-18S_R1.fastq.gz	EX2301-CTD01-B06-18S_R2.fastq.gz	dcaff1d17b43c3e9a0e7d3e5d2fe1539	f325d3e84e31faf8a0198215a0607bd3		1991891					
EX2301_CTD001_B06W	Fish-12S-MiFish-U-Miya		EX2301_CTD001_B06_12S_S252	260219_VL00847_29_AAHVJ2GM5							EX2301_CTD001_B06_12S_S252_R1_001.fastq.gz	EX2301_CTD001_B06_12S_S252_R2_001.fastq.gz	2facf5157864ac27e3d3fa992714a719	f9d7313bf0e040505bbdca264de257ed		354184					
EX2301_CTD001_B07_bW	Fish-12S-MiFish-U-Miya		EX2301_CTD001_B07_b_12S_S267	260219_VL00847_29_AAHVJ2GM5							EX2301_CTD001_B07_b_12S_S267_R1_001.fastq.gz	EX2301_CTD001_B07_b_12S_S267_R2_001.fastq.gz	d1c40ce44727e55a66a4be43c5cc43b3	d41163e4b4e20b5e549e1357b3365769		327275					
EX2301_CTD001_B07_cW	Fish-12S-MiFish-U-Miya		EX2301_CTD001_B07_c_12S_S280	260219_VL00847_29_AAHVJ2GM5							EX2301_CTD001_B07_c_12S_S280_R1_001.fastq.gz	EX2301_CTD001_B07_c_12S_S280_R2_001.fastq.gz	c81481b0f07b402b8ef7fa1b13a720a9	1e920c6ceb4396e32a51d3753878e514		134479					
EX2301_CTD001_B07W	Eukarya-18S-V9-Lane-Medlin		EX2301-CTD01-B07-18S	OKEX2301_CTD							EX2301-CTD01-B07-18S_R1.fastq.gz	EX2301-CTD01-B07-18S_R2.fastq.gz	b631db91a7383c8d8b088db004722bd8	96306124dda260293edb55d3eae532ff		1610453					
EX2301_CTD001_B07W	Fish-12S-MiFish-U-Miya		EX2301_CTD001_B07_12S_S253	260219_VL00847_29_AAHVJ2GM5							EX2301_CTD001_B07_12S_S253_R1_001.fastq.gz	EX2301_CTD001_B07_12S_S253_R2_001.fastq.gz	5a5115da378a3225c875d90b36b8a61e	445ab94e3ee3067535644a16a9f92d3a		407831					
EX2301_CTD001_B08_bW	Fish-12S-MiFish-U-Miya		EX2301_CTD001_B08_b_12S_S268	260219_VL00847_29_AAHVJ2GM5							EX2301_CTD001_B08_b_12S_S268_R1_001.fastq.gz	EX2301_CTD001_B08_b_12S_S268_R2_001.fastq.gz	d118acfb6a0e18beaf5f012ca57ef146	208c0ed6e22fcf8b6e114e0c1d8bf7fd		282510					
EX2301_CTD001_B08_cW	Fish-12S-MiFish-U-Miya		EX2301_CTD001_B08_c_12S_S281	260219_VL00847_29_AAHVJ2GM5							EX2301_CTD001_B08_c_12S_S281_R1_001.fastq.gz	EX2301_CTD001_B08_c_12S_S281_R2_001.fastq.gz	ab5a4ba5224ceae2ecf7771e9ea480a1	3c2ffa2bd6b51c2149431b0b293dfda5		211295					
EX2301_CTD001_B08W	Eukarya-18S-V9-Lane-Medlin		EX2301-CTD01-B08-18S	OKEX2301_CTD							EX2301-CTD01-B08-18S_R1.fastq.gz	EX2301-CTD01-B08-18S_R2.fastq.gz	81c12300981164f7a3645032224f0360	d21c87d505cb78df21589e6c6fdb9c4c		1459961					
EX2301_CTD001_B08W	Fish-12S-MiFish-U-Miya		EX2301_CTD001_B08_12S_S254	260219_VL00847_29_AAHVJ2GM5							EX2301_CTD001_B08_12S_S254_R1_001.fastq.gz	EX2301_CTD001_B08_12S_S254_R2_001.fastq.gz	8489178e7d212a566f7896a66cac99d0	826e0f5193b5904f1462b15e01c59094		287800					
EX2301_CTD001_B09_bW	Fish-12S-MiFish-U-Miya		EX2301_CTD001_B09_b_12S_S269	260219_VL00847_29_AAHVJ2GM5							EX2301_CTD001_B09_b_12S_S269_R1_001.fastq.gz	EX2301_CTD001_B09_b_12S_S269_R2_001.fastq.gz	e1ef121a6f9e0436c70d8d724c97bcd2	813caacdabec2e09857a0ef80189630a		378684					
EX2301_CTD001_B09_cW	Fish-12S-MiFish-U-Miya		EX2301_CTD001_B09_c_12S_S282	260219_VL00847_29_AAHVJ2GM5							EX2301_CTD001_B09_c_12S_S282_R1_001.fastq.gz	EX2301_CTD001_B09_c_12S_S282_R2_001.fastq.gz	d3e1c90c23288110ca722c53fbdfb95b	7906c52d5f89aac93f2d02306e559356		382769					
EX2301_CTD001_B09W	Eukarya-18S-V9-Lane-Medlin		EX2301-CTD01-B09-18S	OKEX2301_CTD							EX2301-CTD01-B09-18S_R1.fastq.gz	EX2301-CTD01-B09-18S_R2.fastq.gz	07b4ebd2894910c0b60b9ef92f0bb447	3f82ae8e51513612fd091de574b72675		1796951					
EX2301_CTD001_B09W	Fish-12S-MiFish-U-Miya		EX2301_CTD001_B09_12S_S255	260219_VL00847_29_AAHVJ2GM5							EX2301_CTD001_B09_12S_S255_R1_001.fastq.gz	EX2301_CTD001_B09_12S_S255_R2_001.fastq.gz	901e594ae4dab378db7cd2d01fffcb10	45fdb9eae1172f5e9b953e09f4f0eb50		332118					
EX2301_CTD001_B10_bW	Fish-12S-MiFish-U-Miya		EX2301_CTD001_B10_b_12S_S270	260219_VL00847_29_AAHVJ2GM5							EX2301_CTD001_B10_b_12S_S270_R1_001.fastq.gz	EX2301_CTD001_B10_b_12S_S270_R2_001.fastq.gz	aa10f4c56e41bbca56a6c05e3403fad1	cfa2eab17e4ab0776ec7550439578b1c		423480					
EX2301_CTD001_B10_cW	Fish-12S-MiFish-U-Miya		EX2301_CTD001_B10_c_12S_S283	260219_VL00847_29_AAHVJ2GM5							EX2301_CTD001_B10_c_12S_S283_R1_001.fastq.gz	EX2301_CTD001_B10_c_12S_S283_R2_001.fastq.gz	80d714d7e083b5dd41b5eef4cccbfe5c	8d9f2cb95254277c758bd1faf104ea0b		409252					
EX2301_CTD001_B10W	Eukarya-18S-V9-Lane-Medlin		EX2301-CTD01-B10-18S	OKEX2301_CTD							EX2301-CTD01-B10-18S_R1.fastq.gz	EX2301-CTD01-B10-18S_R2.fastq.gz	867dc709683afd796281e0fff5862e92	714999414f9389e7ebd4b403f2b95aba		1567981					
EX2301_CTD001_B10W	Fish-12S-MiFish-U-Miya		EX2301_CTD001_B10_12S_S256	260219_VL00847_29_AAHVJ2GM5							EX2301_CTD001_B10_12S_S256_R1_001.fastq.gz	EX2301_CTD001_B10_12S_S256_R2_001.fastq.gz	6e0cd687482452ef4b95d551a354ef95	aeff13b62ca3fbe25bf43db91fbc918d		283933					
EX2301_CTD001_B11_bW	Fish-12S-MiFish-U-Miya		EX2301_CTD001_B11_b_12S_S271	260219_VL00847_29_AAHVJ2GM5							EX2301_CTD001_B11_b_12S_S271_R1_001.fastq.gz	EX2301_CTD001_B11_b_12S_S271_R2_001.fastq.gz	250e49223e9dd09d00f3d9d75afbee12	0fcab6231f680c6a83d03b3a25e6cd3f		328568					
EX2301_CTD001_B11_cW	Fish-12S-MiFish-U-Miya		EX2301_CTD001_B11_c_12S_S284	260219_VL00847_29_AAHVJ2GM5							EX2301_CTD001_B11_c_12S_S284_R1_001.fastq.gz	EX2301_CTD001_B11_c_12S_S284_R2_001.fastq.gz	9a955712a595b4c03bede5ec986f5a83	0bd1b30c2df35fa09782d784a0ce1298		273915					
EX2301_CTD001_B11W	Eukarya-18S-V9-Lane-Medlin		EX2301-CTD01-B11-18S	OKEX2301_CTD							EX2301-CTD01-B11-18S_R1.fastq.gz	EX2301-CTD01-B11-18S_R2.fastq.gz	9f5381da2fd76cbb8ae61424f197fc9c	3f105181f6bb485dbcb70805e631bba8		1836700					
EX2301_CTD001_B11W	Fish-12S-MiFish-U-Miya		EX2301_CTD001_B11_12S_S257	260219_VL00847_29_AAHVJ2GM5							EX2301_CTD001_B11_12S_S257_R1_001.fastq.gz	EX2301_CTD001_B11_12S_S257_R2_001.fastq.gz	00d5cf42412d5c369ec051802bc9887b	361582def0b21e167ddbba69cc9c83ee		330542					
EX2301_CTD001_B12_bW	Fish-12S-MiFish-U-Miya		EX2301_CTD001_B12_b_12S_S272	260219_VL00847_29_AAHVJ2GM5							EX2301_CTD001_B12_b_12S_S272_R1_001.fastq.gz	EX2301_CTD001_B12_b_12S_S272_R2_001.fastq.gz	35d51068ccef1b35fb918aa3f62bc793	5b112a6dad860938ab8f25360be0f539		294013					
EX2301_CTD001_B12_cW	Fish-12S-MiFish-U-Miya		EX2301_CTD001_B12_c_12S_S285	260219_VL00847_29_AAHVJ2GM5							EX2301_CTD001_B12_c_12S_S285_R1_001.fastq.gz	EX2301_CTD001_B12_c_12S_S285_R2_001.fastq.gz	078dcaa731fc35befa69181c1f095971	e54db72c99a7cca3ea146f9c983b2696		378007					
EX2301_CTD001_B12W	Eukarya-18S-V9-Lane-Medlin		EX2301-CTD01-B12-18S	OKEX2301_CTD							EX2301-CTD01-B12-18S_R1.fastq.gz	EX2301-CTD01-B12-18S_R2.fastq.gz	54e84173b50e6682636d71637fa5b9e2	8bb5dc7b39f7e85a90f584e29ce9b6af		1627423					
EX2301_CTD001_B12W	Fish-12S-MiFish-U-Miya		EX2301_CTD001_B12_12S_S258	260219_VL00847_29_AAHVJ2GM5							EX2301_CTD001_B12_12S_S258_R1_001.fastq.gz	EX2301_CTD001_B12_12S_S258_R2_001.fastq.gz	8afc8ee5cab61d116eb64620fbb68453	1eae1b3d05d48fb80732aad03fcfe19e		323830					
EX2301_CTD001_ExtractBlank	Fish-12S-MiFish-U-Miya		EX2301_CTD_Extraction_BLANK_12S_S260	260219_VL00847_29_AAHVJ2GM5							EX2301_CTD_Extraction_BLANK_12S_S260_R1_001.fastq.gz	EX2301_CTD_Extraction_BLANK_12S_S260_R2_001.fastq.gz	9823cdf5130753f914a4b4275137919c	139e004220fa0ead4eba66b5b4c9b2d2		12174					
EX2301_CTD001_FieldBlank	Fish-12S-MiFish-U-Miya		EX2301_CTD001_BLANK_12S_S259	260219_VL00847_29_AAHVJ2GM5							EX2301_CTD001_BLANK_12S_S259_R1_001.fastq.gz	EX2301_CTD001_BLANK_12S_S259_R2_001.fastq.gz	406fc530a92a13820e780d37555717c8	e3421473dcf9dfc59a7823eadf43a82b		1743					
EX2301_CTD001_FieldBlank_01	Eukarya-18S-V9-Lane-Medlin		EX2301-CTD01-FIELD01-18S	OKEX2301_CTD							EX2301-CTD01-FIELD01-18S_R1.fastq.gz	EX2301-CTD01-FIELD01-18S_R2.fastq.gz	9210f6c25c4983b42667b0faefe41368	09e1ef9a1998bd7d1180950c80c8c59f		1180					
EX2301_CTD001_FieldBlank_b	Fish-12S-MiFish-U-Miya		EX2301_CTD001_BLANK_b_12S_S273	260219_VL00847_29_AAHVJ2GM5							EX2301_CTD001_BLANK_b_12S_S273_R1_001.fastq.gz	EX2301_CTD001_BLANK_b_12S_S273_R2_001.fastq.gz	f3a134ca44bc3593512e282b7206acb8	997549edb77d1353dd17bbb9981b6299		28375					
EX2301_CTD001_FieldBlank_c	Fish-12S-MiFish-U-Miya		EX2301_CTD001_BLANK_c_12S_S286	260219_VL00847_29_AAHVJ2GM5							EX2301_CTD001_BLANK_c_12S_S286_R1_001.fastq.gz	EX2301_CTD001_BLANK_c_12S_S286_R2_001.fastq.gz	433c186ad84a62a12163c400ac11ae60	774c00abcd04d200b492c012a7b4b632		61690					
EX2301_CTD001_IndexBlank_A_12S	Fish-12S-MiFish-U-Miya		EX2301_CTD_Plate_Indexing_NTC_A_12S_S293	260219_VL00847_29_AAHVJ2GM5							EX2301_CTD_Plate_Indexing_NTC_A_12S_S293_R1_001.fastq.gz	EX2301_CTD_Plate_Indexing_NTC_A_12S_S293_R2_001.fastq.gz	febef808ae5397ea4ee7ee40e5fd39e0	febef808ae5397ea4ee7ee40e5fd39e0		0					
EX2301_CTD001_IndexBlank_B_12S	Fish-12S-MiFish-U-Miya		EX2301_CTD_Plate_Indexing_NTC_B_12S_S294	260219_VL00847_29_AAHVJ2GM5							EX2301_CTD_Plate_Indexing_NTC_B_12S_S294_R1_001.fastq.gz	EX2301_CTD_Plate_Indexing_NTC_B_12S_S294_R2_001.fastq.gz	febef808ae5397ea4ee7ee40e5fd39e0	febef808ae5397ea4ee7ee40e5fd39e0		0					
EX2301_CTD001_PCRBlank_Plate1_12S	Fish-12S-MiFish-U-Miya		EX2301_CTD_PCR_NTC_Plate1_12S_S287	260219_VL00847_29_AAHVJ2GM5							EX2301_CTD_PCR_NTC_Plate1_12S_S287_R1_001.fastq.gz	EX2301_CTD_PCR_NTC_Plate1_12S_S287_R2_001.fastq.gz	9a006c85435ba8109cdb25dd17821054	9e87bc7b84bcbf55ef3b102b4349de7a		42					
EX2301_CTD001_PCRBlank_Plate2_12S	Fish-12S-MiFish-U-Miya		EX2301_CTD_PCR_NTC_Plate2_12S_S288	260219_VL00847_29_AAHVJ2GM5							EX2301_CTD_PCR_NTC_Plate2_12S_S288_R1_001.fastq.gz	EX2301_CTD_PCR_NTC_Plate2_12S_S288_R2_001.fastq.gz	be6c19981de8dcc7159a37453517fd08	0f1fe2d6bd197227f4d721f7e9adcdeb		3788					
EX2301_D01_01W	Eukarya-18S-V9-Lane-Medlin		EX2301_D01_01W_18S	OKEX2301_ROV-D2							EX2301_D01_01W_18S_R1.fastq.gz	EX2301_D01_01W_18S_R2.fastq.gz	62ecb482432982db3c3b2253fe5a36e6	58fa6abdc7ef396bbfb5fd9058c4291e		1501150					
EX2301_D01_01W	Fish-12S-MiFish-U-Miya		D01-01-12S_S1_L001	OKEX2301_ROV-D2							D01-01-12S_S1_L001_R1_001.fastq.gz	D01-01-12S_S1_L001_R2_001.fastq.gz	ca6a38670c38eb8340056f3e1898cbb0	dd9fe0e52a17de6454b896f96bb651b8		453452					
EX2301_D01_02W	Eukarya-18S-V9-Lane-Medlin		EX2301_D01_02W_18S	OKEX2301_ROV-D2							EX2301_D01_02W_18S_R1.fastq.gz	EX2301_D01_02W_18S_R2.fastq.gz	a1d0bab5c3731b044e088c41a83c61df	0babc96fcf823d57eb0a897af1188959		1596750					
EX2301_D01_02W	Fish-12S-MiFish-U-Miya		D01-02-12S_S2_L001	OKEX2301_ROV-D2							D01-02-12S_S2_L001_R1_001.fastq.gz	D01-02-12S_S2_L001_R2_001.fastq.gz	08107c04f509738809236f7ba77d9312	5ecc0642d1c3a060259afa6acc5dad37		491934					
EX2301_D01_03W	Eukarya-18S-V9-Lane-Medlin		EX2301_D01_03W_18S	OKEX2301_ROV-D2							EX2301_D01_03W_18S_R1.fastq.gz	EX2301_D01_03W_18S_R2.fastq.gz	a10e45735498fde766b5d569ff44b607	c37ddf3d8a1395159e34b3129dd25ea7		1592644					
EX2301_D01_03W	Fish-12S-MiFish-U-Miya		D01-03-12S_S3_L001	OKEX2301_ROV-D2							D01-03-12S_S3_L001_R1_001.fastq.gz	D01-03-12S_S3_L001_R2_001.fastq.gz	6ffa77308ea0b2e20c22256d902e2993	11fb5eb239a1e6ab6aa1f75e171cebd6		364126					
EX2301_D01_04W	Eukarya-18S-V9-Lane-Medlin		EX2301_D01_04W_18S	OKEX2301_ROV-D2							EX2301_D01_04W_18S_R1.fastq.gz	EX2301_D01_04W_18S_R2.fastq.gz	65503da42c87cd060b4f3de6b253fe36	0269e683491cbd376ee2fe32ad161828		1641929					
EX2301_D01_04W	Fish-12S-MiFish-U-Miya		D01-04-12S_S4_L001	OKEX2301_ROV-D2							D01-04-12S_S4_L001_R1_001.fastq.gz	D01-04-12S_S4_L001_R2_001.fastq.gz	33ed5341d9b0467003c253aa90d4b769	519d39db7a6d5b485e2ae705aa6be43b		160899					
EX2301_D01_05W	Eukarya-18S-V9-Lane-Medlin		EX2301_D01_05W_18S	OKEX2301_ROV-D2							EX2301_D01_05W_18S_R1.fastq.gz	EX2301_D01_05W_18S_R2.fastq.gz	c0a52fa94e33aab808fa60f731346150	118d8127c49cc0a3349aba457315f10a		1629201					
EX2301_D01_05W	Fish-12S-MiFish-U-Miya		D01-05-12S_S5_L001	OKEX2301_ROV-D2							D01-05-12S_S5_L001_R1_001.fastq.gz	D01-05-12S_S5_L001_R2_001.fastq.gz	38fd712059381b5a2e395fca47d25491	579395421ab660f111b47fc0216abee9		214517					
EX2301_D01_BLW	Eukarya-18S-V9-Lane-Medlin		EX2301_D01_BLW_18S	OKEX2301_ROV-D2							EX2301_D01_BLW_18S_R1.fastq.gz	EX2301_D01_BLW_18S_R2.fastq.gz	1a8f5f04d319e5fd0615c05905acbe2d	4ad47b44f41cea44892dc7b2eae65aa8		1646					
EX2301_D01_BLW	Fish-12S-MiFish-U-Miya		D01-BLK-12S_S6_L001	OKEX2301_ROV-D2							D01-BLK-12S_S6_L001_R1_001.fastq.gz	D01-BLK-12S_S6_L001_R2_001.fastq.gz	6fef7d0fe3ff467c7c18ad90343c11e1	0a17494bc30336b4ba681e67ef6bee63		1578					
EX2301_D02_01W	Eukarya-18S-V9-Lane-Medlin		EX2301_D02_01W_18S	OKEX2301_ROV-D2							EX2301_D02_01W_18S_R1.fastq.gz	EX2301_D02_01W_18S_R2.fastq.gz	e18d2044122a66f02c64cc8ba17feda6	88947908bd2d0d77e3e12fc9cac0dbff		1829267					
EX2301_D02_01W	Fish-12S-MiFish-U-Miya		D02-01-12S_S7_L001	OKEX2301_ROV-D2							D02-01-12S_S7_L001_R1_001.fastq.gz	D02-01-12S_S7_L001_R2_001.fastq.gz	7324652be139a2d53e3b4e0d1745ac1c	7d8e52c38a0ce7201f2143833be10a04		92392					
EX2301_D02_02W	Eukarya-18S-V9-Lane-Medlin		EX2301_D02_02W_18S	OKEX2301_ROV-D2							EX2301_D02_02W_18S_R1.fastq.gz	EX2301_D02_02W_18S_R2.fastq.gz	58b317efe025715adc16a7e3b5913164	c8b15ce5f55471d427ade1ad907b443a		2030603					
EX2301_D02_02W	Fish-12S-MiFish-U-Miya		D02-02-12S_S8_L001	OKEX2301_ROV-D2							D02-02-12S_S8_L001_R1_001.fastq.gz	D02-02-12S_S8_L001_R2_001.fastq.gz	4f31583b57f5dce52cdbe825e8b0d3d7	859a19d8d8026cc8fca0c242caf4c899		169630					
EX2301_D02_03W	Eukarya-18S-V9-Lane-Medlin		EX2301_D02_03W_18S	OKEX2301_ROV-D2							EX2301_D02_03W_18S_R1.fastq.gz	EX2301_D02_03W_18S_R2.fastq.gz	58901f1e327aa7ac301ad9e5c61adeff	7976262b585eba5f6db51bd54fa1e395		1802466					
EX2301_D02_03W	Fish-12S-MiFish-U-Miya		D02-03-12S_S9_L001	OKEX2301_ROV-D2							D02-03-12S_S9_L001_R1_001.fastq.gz	D02-03-12S_S9_L001_R2_001.fastq.gz	38b6fa2b2fe5244cc832547230b15753	6bfe54d6b14640ccd24c52ae7816c6ee		838607					
EX2301_D02_04W	Eukarya-18S-V9-Lane-Medlin		EX2301_D02_04W_18S	OKEX2301_ROV-D2							EX2301_D02_04W_18S_R1.fastq.gz	EX2301_D02_04W_18S_R2.fastq.gz	369699d83b413d730feb142c3336698a	f9d12e759738f8b1cb9a3b90c626d4d0		1441666					
EX2301_D02_04W	Fish-12S-MiFish-U-Miya		D02-04-12S_S10_L001	OKEX2301_ROV-D2							D02-04-12S_S10_L001_R1_001.fastq.gz	D02-04-12S_S10_L001_R2_001.fastq.gz	7fafa40a2d93d1a329d2686a10a2e1b4	4bc807dcf626b7e92b82c6844a7a3c4f		304942					
EX2301_D02_05W	Eukarya-18S-V9-Lane-Medlin		EX2301_D02_05W_18S	OKEX2301_ROV-D2							EX2301_D02_05W_18S_R1.fastq.gz	EX2301_D02_05W_18S_R2.fastq.gz	69df5dce1cdcaea4c33772c59f8e26c3	bcf41bd4465ae689099567cfe69f3a93		1844126					
EX2301_D02_05W	Fish-12S-MiFish-U-Miya		D02-05-12S_S11_L001	OKEX2301_ROV-D2							D02-05-12S_S11_L001_R1_001.fastq.gz	D02-05-12S_S11_L001_R2_001.fastq.gz	cc057e77e222c534ae068ea36ff6f1c3	763420479bcbe5b9c526b155d5fd9407		117795					
EX2301_D02_BLW	Eukarya-18S-V9-Lane-Medlin		EX2301_D02_BLW_18S	OKEX2301_ROV-D2							EX2301_D02_BLW_18S_R1.fastq.gz	EX2301_D02_BLW_18S_R2.fastq.gz	f5caf82c1b446278d1c5d908baae7eff	89077c11799279802a13bc0fd357199b		2510					
EX2301_D02_BLW	Fish-12S-MiFish-U-Miya		D02-BLK-12S_S12_L001	OKEX2301_ROV-D2							D02-BLK-12S_S12_L001_R1_001.fastq.gz	D02-BLK-12S_S12_L001_R2_001.fastq.gz	a8c5c52b3a261178559e3b6d24cf65b8	b80e4a7fd0176fa96c65a024c3e30c2e		15					
EX2301_D03_02W	Eukarya-18S-V9-Lane-Medlin		EX2301_D03_02W_18S	OKEX2301_ROV-D2							EX2301_D03_02W_18S_R1.fastq.gz	EX2301_D03_02W_18S_R2.fastq.gz	1e38464050ee03909c357e758cc5b533	71d6ae290cc088b8268952ef6d989fb9		2518249					
EX2301_D03_02W	Fish-12S-MiFish-U-Miya		D03-02-12S_S14_L001	OKEX2301_ROV-D2							D03-02-12S_S14_L001_R1_001.fastq.gz	D03-02-12S_S14_L001_R2_001.fastq.gz	46a7d51f6c2ca07ebc6716280d16e2c5	259914b30d3ddb4a4af4462ba86d02bf		82119					
EX2301_D03_03W	Eukarya-18S-V9-Lane-Medlin		EX2301_D03_03W_18S	OKEX2301_ROV-D2							EX2301_D03_03W_18S_R1.fastq.gz	EX2301_D03_03W_18S_R2.fastq.gz	cd1a9cb72516d071f9a3b4447c6ed7b4	a8b7a7b3f0fb448348e37abcc831b023		2452688					
EX2301_D03_03W	Fish-12S-MiFish-U-Miya		D03-03-12S_S15_L001	OKEX2301_ROV-D2							D03-03-12S_S15_L001_R1_001.fastq.gz	D03-03-12S_S15_L001_R2_001.fastq.gz	896c336af612d394388f954c6831896a	b7190fb0af484dc290c6a5bbd79db109		170112					
EX2301_D03_04W	Eukarya-18S-V9-Lane-Medlin		EX2301_D03_04W_18S	OKEX2301_ROV-D2							EX2301_D03_04W_18S_R1.fastq.gz	EX2301_D03_04W_18S_R2.fastq.gz	42a274357b206e85c22793dd70286437	2a8263c58a5bb2b829f5ed217eb78824		1286484					
EX2301_D03_04W	Fish-12S-MiFish-U-Miya		D03-04-12S_S16_L001	OKEX2301_ROV-D2							D03-04-12S_S16_L001_R1_001.fastq.gz	D03-04-12S_S16_L001_R2_001.fastq.gz	f546975f9bf4dfc545ac4585f73c42d5	a72292ef64fa8734b6fcece6e9c7c911		21323					
EX2301_D03_05W	Eukarya-18S-V9-Lane-Medlin		EX2301_D03_05W_18S	OKEX2301_ROV-D2							EX2301_D03_05W_18S_R1.fastq.gz	EX2301_D03_05W_18S_R2.fastq.gz	df2799531750e96442aff27d5bd66c5e	d0f404a2c4d5b0d2398908114f52bba5		1900027					
EX2301_D03_05W	Fish-12S-MiFish-U-Miya		D03-05-12S_S17_L001	OKEX2301_ROV-D2							D03-05-12S_S17_L001_R1_001.fastq.gz	D03-05-12S_S17_L001_R2_001.fastq.gz	2390af9bcf6f63723f8379b5168ba697	b2886c3394cd9f7b686163c5584f9949		214654					
EX2301_D03_06W	Eukarya-18S-V9-Lane-Medlin		EX2301_D03_06W_18S	OKEX2301_ROV-D2							EX2301_D03_06W_18S_R1.fastq.gz	EX2301_D03_06W_18S_R2.fastq.gz	cb44fbf52f6804f5f809acd48b55b071	9b60aebdaec4f352543fdb85f66febd5		1338271					
EX2301_D03_06W	Fish-12S-MiFish-U-Miya		D03-06-12S_S13_L001	OKEX2301_ROV-D2							D03-06-12S_S13_L001_R1_001.fastq.gz	D03-06-12S_S13_L001_R2_001.fastq.gz	5d3b57b1e10f0b8da91a8f682fa86f02	7bf84a8175858fc011dff91302997735		83340					
EX2301_D03_BLW	Eukarya-18S-V9-Lane-Medlin		EX2301_D03_BLW_18S	OKEX2301_ROV-D2							EX2301_D03_BLW_18S_R1.fastq.gz	EX2301_D03_BLW_18S_R2.fastq.gz	39ab2cea5f1579d2a56684b5b0012511	23bd39681b32a0f6d7dca42fa5560578		1787					
EX2301_D03_BLW	Fish-12S-MiFish-U-Miya		D03-BLK-12S_S18_L001	OKEX2301_ROV-D2							D03-BLK-12S_S18_L001_R1_001.fastq.gz	D03-BLK-12S_S18_L001_R2_001.fastq.gz	34dd0108d62040da90787ccf1f38c4cb	99f12c750d4773cc9cf4f128001cb457		2307					
EX2301_D04_02W	Eukarya-18S-V9-Lane-Medlin		EX2301_D04_02W_18S	OKEX2301_ROV-D2							EX2301_D04_02W_18S_R1.fastq.gz	EX2301_D04_02W_18S_R2.fastq.gz	9d744a450df3c52a9947691577f37c99	8a701eb2cc34c5bdbdc6c90413b3b5f3		1382416					
EX2301_D04_02W	Fish-12S-MiFish-U-Miya		D04-02-12S_S19_L001	OKEX2301_ROV-D2							D04-02-12S_S19_L001_R1_001.fastq.gz	D04-02-12S_S19_L001_R2_001.fastq.gz	8510b8e0c2c453f23be9ea97279fd4a1	33e629b9ab826070314d9209b82ac196		332605					
EX2301_D04_03W	Eukarya-18S-V9-Lane-Medlin		EX2301_D04_03W_18S	OKEX2301_ROV-D2							EX2301_D04_03W_18S_R1.fastq.gz	EX2301_D04_03W_18S_R2.fastq.gz	a33de66e2c7f1ce6dbe0ee5afd0f884d	b48c7f72d13a499fac3dd29ce7fd0910		1602735					
EX2301_D04_03W	Fish-12S-MiFish-U-Miya		D04-03-12S_S20_L001	OKEX2301_ROV-D2							D04-03-12S_S20_L001_R1_001.fastq.gz	D04-03-12S_S20_L001_R2_001.fastq.gz	7e55e98902528d28b554f7931ec54269	d2a0c19e3ea522079f9864fd036c4767		211478					
EX2301_D04_04W	Eukarya-18S-V9-Lane-Medlin		EX2301_D04_04W_18S	OKEX2301_ROV-D2							EX2301_D04_04W_18S_R1.fastq.gz	EX2301_D04_04W_18S_R2.fastq.gz	34594d3fab8d8cae12ced7720ba7fba8	1f5de0e3dc77d75d637253319509a980		1787430					
EX2301_D04_04W	Fish-12S-MiFish-U-Miya		D04-04-12S_S21_L001	OKEX2301_ROV-D2							D04-04-12S_S21_L001_R1_001.fastq.gz	D04-04-12S_S21_L001_R2_001.fastq.gz	3db958f57ddcea8f1e5a84bd0e7b9dd1	96bb9c9ed1ba32729c772f2d7cc34cbf		87111					
EX2301_D04_05W	Eukarya-18S-V9-Lane-Medlin		EX2301_D04_05W_18S	OKEX2301_ROV-D2							EX2301_D04_05W_18S_R1.fastq.gz	EX2301_D04_05W_18S_R2.fastq.gz	27196237d8f507146c6f225b48272eef	cfb2d1bff3f870a5652af5c78229b325		1712143					
EX2301_D04_05W	Fish-12S-MiFish-U-Miya		D04-05-12S_S22_L001	OKEX2301_ROV-D2							D04-05-12S_S22_L001_R1_001.fastq.gz	D04-05-12S_S22_L001_R2_001.fastq.gz	0229f039433779e52e29a292f6d902af	450f30bb0eeb725d97417ffc844f5f47		84					
EX2301_D04_06W	Eukarya-18S-V9-Lane-Medlin		EX2301_D04_06W_18S	OKEX2301_ROV-D2							EX2301_D04_06W_18S_R1.fastq.gz	EX2301_D04_06W_18S_R2.fastq.gz	42168b377782dc4011537db12b9f6eaa	59ed653bc3e75018ad27216b1d96795a		1045577					
EX2301_D04_06W	Fish-12S-MiFish-U-Miya		D04-06-12S_S23_L001	OKEX2301_ROV-D2							D04-06-12S_S23_L001_R1_001.fastq.gz	D04-06-12S_S23_L001_R2_001.fastq.gz	ce100498fc455a64e9c5d33fe86a87c8	68beb5067c46a3a62bba796f75ca92b1		100572					
EX2301_D04_BLW	Eukarya-18S-V9-Lane-Medlin		EX2301_D04_BLW_18S	OKEX2301_ROV-D2							EX2301_D04_BLW_18S_R1.fastq.gz	EX2301_D04_BLW_18S_R2.fastq.gz	ac1acc86e11426824ac48984f3e5bc0d	c2237dd518663839b7ca4bcfbee3caf5		17817					
EX2301_D04_BLW	Fish-12S-MiFish-U-Miya		D04-BLK-12S_S24_L001	OKEX2301_ROV-D2							D04-BLK-12S_S24_L001_R1_001.fastq.gz	D04-BLK-12S_S24_L001_R2_001.fastq.gz	71f6bdec9c0d2dc1670949c6bfb11f4e	7bc7efb3ed22985d2a2bc4e7557b4346		110930					
EX2301_D06_02W	Eukarya-18S-V9-Lane-Medlin		EX2301_D06_02W_18S	OKEX2301_ROV-D2							EX2301_D06_02W_18S_R1.fastq.gz	EX2301_D06_02W_18S_R2.fastq.gz	81ae75aca4f615ad5ef0dbdbe62c15bf	4f49848d8d2ef90e690445b555b8476b		841176					
EX2301_D06_02W	Fish-12S-MiFish-U-Miya		D06-02-12S_S27_L001	OKEX2301_ROV-D2							D06-02-12S_S27_L001_R1_001.fastq.gz	D06-02-12S_S27_L001_R2_001.fastq.gz	a1349f705751d1636dc68c1172d37d17	80e2230ad4a4f859a0f15d868bfe3921		159376					
EX2301_D06_03W	Eukarya-18S-V9-Lane-Medlin		EX2301_D06_03W_18S	OKEX2301_ROV-D2							EX2301_D06_03W_18S_R1.fastq.gz	EX2301_D06_03W_18S_R2.fastq.gz	4aa75568bc7c977640346b4026e4ee2a	539921dabaaafe782025eeee7ba976b7		2214179					
EX2301_D06_03W	Fish-12S-MiFish-U-Miya		D06-03-12S_S28_L001	OKEX2301_ROV-D2							D06-03-12S_S28_L001_R1_001.fastq.gz	D06-03-12S_S28_L001_R2_001.fastq.gz	e6dc4a3e0d320391c48329eb98238c87	9c8527a3c30f7c01f1ff853aa33646ff		491142					
EX2301_D06_04W	Eukarya-18S-V9-Lane-Medlin		EX2301_D06_04W_18S	OKEX2301_ROV-D2							EX2301_D06_04W_18S_R1.fastq.gz	EX2301_D06_04W_18S_R2.fastq.gz	ade3b88c9612e5e935ee25cd2adf8df7	727ce7ae14ba32c5035d092410c38b81		1036923					
EX2301_D06_04W	Fish-12S-MiFish-U-Miya		D06-04-12S_S29_L001	OKEX2301_ROV-D2							D06-04-12S_S29_L001_R1_001.fastq.gz	D06-04-12S_S29_L001_R2_001.fastq.gz	07ae65aae4192f905f5462c6d09af431	ae57318a5eafacc5e042fcd21330c59c		289743					
EX2301_D06_05W	Eukarya-18S-V9-Lane-Medlin		EX2301_D06_05W_18S	OKEX2301_ROV-D2							EX2301_D06_05W_18S_R1.fastq.gz	EX2301_D06_05W_18S_R2.fastq.gz	0ed9ada893e26116a27fd616d66bd77e	d8aa410c346c96c2236b0707afc4de87		505157					
EX2301_D06_05W	Fish-12S-MiFish-U-Miya		D06-05-12S_S30_L001	OKEX2301_ROV-D2							D06-05-12S_S30_L001_R1_001.fastq.gz	D06-05-12S_S30_L001_R2_001.fastq.gz	7971f18dca17e3bb9b132cf240f73dc2	abb86ef3c515cff2e1511b2476b9f06d		237917					
EX2301_D06_06W	Eukarya-18S-V9-Lane-Medlin		EX2301_D06_06W_18S	OKEX2301_ROV-D2							EX2301_D06_06W_18S_R1.fastq.gz	EX2301_D06_06W_18S_R2.fastq.gz	6d4a99bc565737a1ca42b3d17710b56b	4d9611e8225b35d0ef5fb09081b0969e		1158260					
EX2301_D06_06W	Fish-12S-MiFish-U-Miya		D06-06-12S_S31_L001	OKEX2301_ROV-D2							D06-06-12S_S31_L001_R1_001.fastq.gz	D06-06-12S_S31_L001_R2_001.fastq.gz	bb1c0e9148d1caff96f270f4234b95ec	826bb9108baf31e276244fd5ec0ad027		122384					
EX2301_D06_BLW	Eukarya-18S-V9-Lane-Medlin		EX2301_D06_BLW_18S	OKEX2301_ROV-D2							EX2301_D06_BLW_18S_R1.fastq.gz	EX2301_D06_BLW_18S_R2.fastq.gz	6ce7e50a276ed057e71de6a4aaf79eff	25bd6e7e39f281dee3d3f9340eb2311a		1339					
EX2301_D06_BLW	Fish-12S-MiFish-U-Miya		D06-BLK-12S_S32_L001	OKEX2301_ROV-D2							D06-BLK-12S_S32_L001_R1_001.fastq.gz	D06-BLK-12S_S32_L001_R2_001.fastq.gz	8453da56030bdee9971223b6b16fbd73	0f490cc504e86ca303292612ce332f94		4413					
EX2301_D07_05W	Eukarya-18S-V9-Lane-Medlin		EX2301_D07_05W_18S	OKEX2301_ROV-D2							EX2301_D07_05W_18S_R1.fastq.gz	EX2301_D07_05W_18S_R2.fastq.gz	193c797a271fa1a301721b3288c91f8f	385df63a6eb9f0ab5a28da2cbad1225e		1621553					
EX2301_D07_05W	Fish-12S-MiFish-U-Miya		D07-05-12S_S33_L001	OKEX2301_ROV-D2							D07-05-12S_S33_L001_R1_001.fastq.gz	D07-05-12S_S33_L001_R2_001.fastq.gz	889bc599ac00ea930ab488b89ec96744	ef0f4ef9117a339a9fe35c9c1f653f1c		224397					
EX2301_D07_06W	Eukarya-18S-V9-Lane-Medlin		EX2301_D07_06W_18S	OKEX2301_ROV-D2							EX2301_D07_06W_18S_R1.fastq.gz	EX2301_D07_06W_18S_R2.fastq.gz	e614feee3be0fc73bd9158c4c437c53d	fcabad17414e61540f21cf0b6719c0c1		1680127					
EX2301_D07_06W	Fish-12S-MiFish-U-Miya		D07-06-12S_S34_L001	OKEX2301_ROV-D2							D07-06-12S_S34_L001_R1_001.fastq.gz	D07-06-12S_S34_L001_R2_001.fastq.gz	cc46cb69d3e11b895924965dc0212f89	a8b9df2d53b06f2d67ecaaa8088c13ce		379112					
EX2301_D07_07W	Eukarya-18S-V9-Lane-Medlin		EX2301_D07_07W_18S	OKEX2301_ROV-D2							EX2301_D07_07W_18S_R1.fastq.gz	EX2301_D07_07W_18S_R2.fastq.gz	584e3d48d6e7f63fb2a915da5645b9cb	634963b8a8a63c79d299dc97eefae89d		1390099					
EX2301_D07_07W	Fish-12S-MiFish-U-Miya		D07-07-12S_S35_L001	OKEX2301_ROV-D2							D07-07-12S_S35_L001_R1_001.fastq.gz	D07-07-12S_S35_L001_R2_001.fastq.gz	5000b0fa6830298d9dce8b52b8ee0737	ef67b63777850d0d3b8d2c397034a9e4		441187					
EX2301_D07_08W	Eukarya-18S-V9-Lane-Medlin		EX2301_D07_08W_18S	OKEX2301_ROV-D2							EX2301_D07_08W_18S_R1.fastq.gz	EX2301_D07_08W_18S_R2.fastq.gz	4a2521f7c6fb64033abd506e4e0208d8	9804f81cff31eaed829e2502da652386		1417938					
EX2301_D07_08W	Fish-12S-MiFish-U-Miya		D07-08-12S_S36_L001	OKEX2301_ROV-D2							D07-08-12S_S36_L001_R1_001.fastq.gz	D07-08-12S_S36_L001_R2_001.fastq.gz	77aa38f28ca87066c92de77908b94e47	59df10c19d9a8d8f662276b8c57dc6a3		132505					
EX2301_D07_09W	Eukarya-18S-V9-Lane-Medlin		EX2301_D07_09W_18S	OKEX2301_ROV-D2							EX2301_D07_09W_18S_R1.fastq.gz	EX2301_D07_09W_18S_R2.fastq.gz	44d8d0732c80c77b78b6f985ad3e8e16	77e1cf943c28d028ab95015786f27db8		702031					
EX2301_D07_09W	Fish-12S-MiFish-U-Miya		D07-09-12S_S37_L001	OKEX2301_ROV-D2							D07-09-12S_S37_L001_R1_001.fastq.gz	D07-09-12S_S37_L001_R2_001.fastq.gz	431b6a02bb4ba4e935157e4ef6da91a5	eb77ed4500ce659fa29907608e13f848		429353					
EX2301_D07_BLW	Eukarya-18S-V9-Lane-Medlin		EX2301_D07_BLW_18S	OKEX2301_ROV-D2							EX2301_D07_BLW_18S_R1.fastq.gz	EX2301_D07_BLW_18S_R2.fastq.gz	92358bafbaee733c16b833fb14ee449f	ddc2dc546608f0276f06d0d731f9da15		1808					
EX2301_D07_BLW	Fish-12S-MiFish-U-Miya		D07-BLK-12S_S38_L001	OKEX2301_ROV-D2							D07-BLK-12S_S38_L001_R1_001.fastq.gz	D07-BLK-12S_S38_L001_R2_001.fastq.gz	1a381c9719537942aea0e1eb13780547	70b1d7722196d5219c1ee121c42c1929		995					
EX2301_D08_06W	Eukarya-18S-V9-Lane-Medlin		EX2301_D08_06W_18S	OKEX2301_ROV-D2							EX2301_D08_06W_18S_R1.fastq.gz	EX2301_D08_06W_18S_R2.fastq.gz	1f01fdd5332f4484598f3b55c8d7369d	63b9a8f34dbd8cdda7d52f9e9044c895		1504984					
EX2301_D08_06W	Fish-12S-MiFish-U-Miya		D08-06-12S_S39_L001	OKEX2301_ROV-D2							D08-06-12S_S39_L001_R1_001.fastq.gz	D08-06-12S_S39_L001_R2_001.fastq.gz	e16eeec6269f999cbbbd502212c3d11f	6c9bf00acb6ea86bfd138c1c69054b81		149731					
EX2301_D08_07W	Eukarya-18S-V9-Lane-Medlin		EX2301_D08_07W_18S	OKEX2301_ROV-D2							EX2301_D08_07W_18S_R1.fastq.gz	EX2301_D08_07W_18S_R2.fastq.gz	a9db698a47a3d8c0a789e0b531714914	12d32912782e203335cd4859a78f1d73		1415339					
EX2301_D08_07W	Fish-12S-MiFish-U-Miya		D08-07-12S_S40_L001	OKEX2301_ROV-D2							D08-07-12S_S40_L001_R1_001.fastq.gz	D08-07-12S_S40_L001_R2_001.fastq.gz	52ca5062719b67b14184d1ff05f4a670	1ed8d20ee8729649c936b7559c7c5e6b		238486					
EX2301_D08_08W	Eukarya-18S-V9-Lane-Medlin		EX2301_D08_08W_18S	OKEX2301_ROV-D2							EX2301_D08_08W_18S_R1.fastq.gz	EX2301_D08_08W_18S_R2.fastq.gz	79acb67d4e0ca342293657424f92b4dc	cfa4d8232f76a424ce84a27db2544795		1507151					
EX2301_D08_08W	Fish-12S-MiFish-U-Miya		D08-08-12S_S41_L001	OKEX2301_ROV-D2							D08-08-12S_S41_L001_R1_001.fastq.gz	D08-08-12S_S41_L001_R2_001.fastq.gz	0e21fc8fe6020fd46c4870202045bef1	4018d5337b2372b95f1f4b1de87a73f6		204971					
EX2301_D08_09W	Eukarya-18S-V9-Lane-Medlin		EX2301_D08_09W_18S	OKEX2301_ROV-D2							EX2301_D08_09W_18S_R1.fastq.gz	EX2301_D08_09W_18S_R2.fastq.gz	40b0e0eb38dfcd30e29d50c1b6543c28	832a40809b00c49e8abb1058202222b0		1416671					
EX2301_D08_09W	Fish-12S-MiFish-U-Miya		D08-09-12S_S42_L001	OKEX2301_ROV-D2							D08-09-12S_S42_L001_R1_001.fastq.gz	D08-09-12S_S42_L001_R2_001.fastq.gz	fad340e0ae1b66428d8407bfb74d4c04	b6a5811045993d0464fbcace60ea9717		23557					
EX2301_D08_10W	Eukarya-18S-V9-Lane-Medlin		EX2301_D08_10W_18S	OKEX2301_ROV-D2							EX2301_D08_10W_18S_R1.fastq.gz	EX2301_D08_10W_18S_R2.fastq.gz	116edab6078d8aa73baddb943b7e83c6	13f938b281f522d14db05be413ae3244		1281021					
EX2301_D08_10W	Fish-12S-MiFish-U-Miya		D08-10-12S_S43_L001	OKEX2301_ROV-D2							D08-10-12S_S43_L001_R1_001.fastq.gz	D08-10-12S_S43_L001_R2_001.fastq.gz	c127423a50c0fcae0f48726d92b2d05f	dc7eb593e62e552233304a82942d33d8		294448					
EX2301_D08_BLW	Eukarya-18S-V9-Lane-Medlin		EX2301_D08_BLW_18S	OKEX2301_ROV-D2							EX2301_D08_BLW_18S_R1.fastq.gz	EX2301_D08_BLW_18S_R2.fastq.gz	40b0bce952f7400abb9bb9d3789b0753	8f73ac524efa3b9e4f3b8703a9da56d5		31901					
EX2301_D08_BLW	Fish-12S-MiFish-U-Miya		D08-BLK-12S_S44_L001	OKEX2301_ROV-D2							D08-BLK-12S_S44_L001_R1_001.fastq.gz	D08-BLK-12S_S44_L001_R2_001.fastq.gz	ec06a25eee422e8c5e030681dd9d2336	395af5b61d3fc9e73f5d7a60309eb4db		343128					
EX2301_D09_04W	Eukarya-18S-V9-Lane-Medlin		EX2301_D09_04W_18S	OKEX2301_ROV-D2							EX2301_D09_04W_18S_R1.fastq.gz	EX2301_D09_04W_18S_R2.fastq.gz	a68e6409947cf744b725cb1b94efb947	6a6848a6ae3db366e9981e7485c01604		1091443					
EX2301_D09_04W	Fish-12S-MiFish-U-Miya		D09-04-12S_S45_L001	OKEX2301_ROV-D2							D09-04-12S_S45_L001_R1_001.fastq.gz	D09-04-12S_S45_L001_R2_001.fastq.gz	a275974d54d96b6ffdfaf72efb6695a8	eb59562147ef5a9f2d1918b08900fe4e		621590					
EX2301_D09_05W	Eukarya-18S-V9-Lane-Medlin		EX2301_D09_05W_18S	OKEX2301_ROV-D2							EX2301_D09_05W_18S_R1.fastq.gz	EX2301_D09_05W_18S_R2.fastq.gz	19f44eb8d37b34bd950eb43ef7d5d3dc	5cae6d699e75580b741aac68fe0c0e25		1559843					
EX2301_D09_05W	Fish-12S-MiFish-U-Miya		D09-05-12S_S46_L001	OKEX2301_ROV-D2							D09-05-12S_S46_L001_R1_001.fastq.gz	D09-05-12S_S46_L001_R2_001.fastq.gz	8c7a3c60e1a27a1bb66c9c42fdb6f9c0	ad037aab07fb40e22c2bbb6542e1d942		226766					
EX2301_D09_06W	Eukarya-18S-V9-Lane-Medlin		EX2301_D09_06W_18S	OKEX2301_ROV-D2							EX2301_D09_06W_18S_R1.fastq.gz	EX2301_D09_06W_18S_R2.fastq.gz	d350d0c01ea9a19945b4ae872166cc49	7b831951dd23d46a72eeb8204b37854a		1226382					
EX2301_D09_06W	Fish-12S-MiFish-U-Miya		D09-06-12S_S47_L001	OKEX2301_ROV-D2							D09-06-12S_S47_L001_R1_001.fastq.gz	D09-06-12S_S47_L001_R2_001.fastq.gz	9ed527f5985b1de5a65189bef75e0604	cfa6408f57871877c32021f28df14c70		266884					
EX2301_D09_07W	Eukarya-18S-V9-Lane-Medlin		EX2301_D09_07W_18S	OKEX2301_ROV-D2							EX2301_D09_07W_18S_R1.fastq.gz	EX2301_D09_07W_18S_R2.fastq.gz	a03ac647fe56bedf5e11009f60b43bab	6d1f3860816a3d30cd151cf76b15c981		1478995					
EX2301_D09_07W	Fish-12S-MiFish-U-Miya		D09-07-12S_S48_L001	OKEX2301_ROV-D2							D09-07-12S_S48_L001_R1_001.fastq.gz	D09-07-12S_S48_L001_R2_001.fastq.gz	b4fcf28c9cb56656f945194d2efa3de4	a802f654f5d8657166be05937b8ac7d4		638445					
EX2301_D09_08W	Eukarya-18S-V9-Lane-Medlin		EX2301_D09_08W_18S	OKEX2301_ROV-D2							EX2301_D09_08W_18S_R1.fastq.gz	EX2301_D09_08W_18S_R2.fastq.gz	3234bde6a4d91973fa150b05bcc0d7d2	21f7d6ea3c1310c03081b77c3ac40b2a		1552803					
EX2301_D09_08W	Fish-12S-MiFish-U-Miya		D09-08-12S_S49_L001	OKEX2301_ROV-D2							D09-08-12S_S49_L001_R1_001.fastq.gz	D09-08-12S_S49_L001_R2_001.fastq.gz	4b6dee06614338327a42b71f47cc3c0c	addd147509f989583c3085b888824c39		427564					
EX2301_D09_BLW	Eukarya-18S-V9-Lane-Medlin		EX2301_D09_BLW_18S	OKEX2301_ROV-D2							EX2301_D09_BLW_18S_R1.fastq.gz	EX2301_D09_BLW_18S_R2.fastq.gz	15af85159213d293d75516bec5fca414	2987b2a4ce49699d5cb70d45c2af01eb		2053					
EX2301_D09_BLW	Fish-12S-MiFish-U-Miya		D09-BLK-12S_S50_L001	OKEX2301_ROV-D2							D09-BLK-12S_S50_L001_R1_001.fastq.gz	D09-BLK-12S_S50_L001_R2_001.fastq.gz	bed8ec118959a71c01dc3ca6132c0ad8	396e6f5cd164568e0847c645bd911602		26976					
EX2301_ExtractBlank	Eukarya-18S-V9-Lane-Medlin		EX2301_EXT_EXT01_18S	OKEX2301_ROV-D2							EX2301_EXT_EXT01_18S_R1.fastq.gz	EX2301_EXT_EXT01_18S_R2.fastq.gz	85c46be7e614ea02c54ffe9db087ba0b	721ac387e985f8637cf4aef3d1d93982		6394					
EX2301_PCRBlank_1_12S	Fish-12S-MiFish-U-Miya		BLK-01-12S_S25_L001	OKEX2301_ROV-D2							BLK-01-12S_S25_L001_R1_001.fastq.gz	BLK-01-12S_S25_L001_R2_001.fastq.gz	fc9f8af62ef0994898f84ab93ace6507	188f8be66b9d09ef712b9b3312786b68		244					
EX2301_PCRBlank_1_12S	Fish-12S-MiFish-U-Miya		BLK-1-1-12S_S53_L001	OKEX2301_ROV-D2							BLK-1-1-12S_S53_L001_R1_001.fastq.gz	BLK-1-1-12S_S53_L001_R2_001.fastq.gz	84a6938a0eacecf3303b5ff0440922af	980fbcb47626b37731164cd52358b9fe		104					
EX2301_PCRBlank_1_18S	Eukarya-18S-V9-Lane-Medlin		EX2301_NTC_NTC01_18S	OKEX2301_ROV-D2							EX2301_NTC_NTC01_18S_R1.fastq.gz	EX2301_NTC_NTC01_18S_R2.fastq.gz	c0ef24cb48fe6d7757216a7217784b37	0b1a52f181d8ee235f9b75f2a850887b		1529					
EX2301_PCRBlank_2_12S	Fish-12S-MiFish-U-Miya		BLK-02-12S_S26_L001	OKEX2301_ROV-D2							BLK-02-12S_S26_L001_R1_001.fastq.gz	BLK-02-12S_S26_L001_R2_001.fastq.gz	3882b35ad415f3186dbda9f127ebc86d	3882b35ad415f3186dbda9f127ebc86d		0					
EX2301_PCRBlank_2_12S	Fish-12S-MiFish-U-Miya		BLK-1-2-12S_S54_L001	OKEX2301_ROV-D2							BLK-1-2-12S_S54_L001_R1_001.fastq.gz	BLK-1-2-12S_S54_L001_R2_001.fastq.gz	3882b35ad415f3186dbda9f127ebc86d	3882b35ad415f3186dbda9f127ebc86d		0					
EX2301_PCRBlank_3_12S	Fish-12S-MiFish-U-Miya		BLK-03-12S_S51_L001	OKEX2301_ROV-D2							BLK-03-12S_S51_L001_R1_001.fastq.gz	BLK-03-12S_S51_L001_R2_001.fastq.gz	c716457eaa43a155f65ecaf7ce5fefd5	62a67ab7a31b2a8cbb54a4efdc3a6eb2		5119					
EX2301_PCRBlank_3_12S	Fish-12S-MiFish-U-Miya		BLK-1-3-12S_S55_L001	OKEX2301_ROV-D2							BLK-1-3-12S_S55_L001_R1_001.fastq.gz	BLK-1-3-12S_S55_L001_R2_001.fastq.gz	6bc4520acb3ba6c2e8d5452594d61183	5fc10d55b20be7d10ea94653419a3efe		239					
EX2301_PCRBlank_4_12S	Fish-12S-MiFish-U-Miya		BLK-04-12S_S52_L001	OKEX2301_ROV-D2							BLK-04-12S_S52_L001_R1_001.fastq.gz	BLK-04-12S_S52_L001_R2_001.fastq.gz	3882b35ad415f3186dbda9f127ebc86d	3882b35ad415f3186dbda9f127ebc86d		0					
EX2301_PCRBlank_4_12S	Fish-12S-MiFish-U-Miya		BLK-1-4-12S_S56_L001	OKEX2301_ROV-D2							BLK-1-4-12S_S56_L001_R1_001.fastq.gz	BLK-1-4-12S_S56_L001_R2_001.fastq.gz	aacf33e8ba0a2eae96c9416517732c75	424280e08a6e98d06621ca4ad7eef82b		5586					
EX2301_PCRBlank_5_12S	Fish-12S-MiFish-U-Miya		BLK-1-5-12S_S57_L001	OKEX2301_ROV-D2							BLK-1-5-12S_S57_L001_R1_001.fastq.gz	BLK-1-5-12S_S57_L001_R2_001.fastq.gz	3882b35ad415f3186dbda9f127ebc86d	3882b35ad415f3186dbda9f127ebc86d		0					
EX2301_PCRBlank_6_12S	Fish-12S-MiFish-U-Miya		BLK-1-6-12S_S58_L001	OKEX2301_ROV-D2							BLK-1-6-12S_S58_L001_R1_001.fastq.gz	BLK-1-6-12S_S58_L001_R2_001.fastq.gz	3882b35ad415f3186dbda9f127ebc86d	3882b35ad415f3186dbda9f127ebc86d		0					
